nome,endereco,telefone,whatsapp,palavra_chave,cidade,bairro,data_coleta
Salão Souza Hairdesign,"
Av. Paranaguá, 2271 - Ermelino Matarazzo, São Paulo - SP, 03806-010",551125462195,https://wa.me/551125462195,salão de beleza,São Paulo,Ermelino Matarazzo,2025-09-30 16:22:15
Galera Cabeleireiros & Estética,"
R. Cândido José de Andrade, 216 - Ermelino Matarazzo, São Paulo - SP, 03807-030",551135892919,https://wa.me/551135892919,salão de beleza,São Paulo,Ermelino Matarazzo,2025-09-30 16:22:40
Lih Santos Studio,"
R. Antônio Leite Penteado, 63 - Ermelino Matarazzo, São Paulo - SP, 03816-000",5511952745704,https://wa.me/5511952745704,salão de beleza,São Paulo,Ermelino Matarazzo,2025-09-30 16:22:48
Spazio Sorelle,"
R. Rev. João Euclídes Pereira, 451 - Sala 9 - Ermelino Matarazzo, São Paulo - SP, 03814-080",5511953771219,https://wa.me/5511953771219,salão de beleza,São Paulo,Ermelino Matarazzo,2025-09-30 16:23:03
Studio Janayna Cachos,"
R. José Lopes Rodrigues, 448 - Ermelino Matarazzo, São Paulo - SP, 03810-150",5511987886054,https://wa.me/5511987886054,salão de beleza,São Paulo,Ermelino Matarazzo,2025-09-30 16:23:29
ESPAÇO S.R.,"
R. Manuelino Teixeira, 18A - Ermelino Matarazzo, São Paulo - SP, 03823-130",5511978041864,https://wa.me/5511978041864,salão de beleza,São Paulo,Ermelino Matarazzo,2025-09-30 16:23:39
Andreia Rosa Beauty Designer,"
R. Rev. João Euclídes Pereira, 451 A - sala 12 - Ermelino Matarazzo, São Paulo - SP, 03814-080",5511945486133,https://wa.me/5511945486133,salão de beleza,São Paulo,Ermelino Matarazzo,2025-09-30 16:23:47
Studio Mariane Dias,"
Av. Boturussu, 1763 C - Ermelino Matarazzo, São Paulo - SP, 03802-000",5511952802841,https://wa.me/5511952802841,salão de beleza,São Paulo,Ermelino Matarazzo,2025-09-30 16:23:53
J.Espaço Linda Mulher Cabelos E Unhas,"
R. Antônio José Henriques, 177 - Casa 2 - Ermelino Matarazzo, São Paulo - SP, 03808-040",5511946360666,https://wa.me/5511946360666,salão de beleza,São Paulo,Ermelino Matarazzo,2025-09-30 16:24:05
Studio Bianca Beauty,"
R. Abel Tavares, 909 - Ermelino Matarazzo, São Paulo - SP, 03812-020",5511976145437,https://wa.me/5511976145437,salão de beleza,São Paulo,Ermelino Matarazzo,2025-09-30 16:24:12
Salao Bella Mulher,"
R. Abel Tavares, 780 - Ermelino Matarazzo, São Paulo - SP, 03810-110",5511959928719,https://wa.me/5511959928719,salão de beleza,São Paulo,Ermelino Matarazzo,2025-09-30 16:24:35
AG Beauty Studio,"
Av. Paranaguá, 1624 - Sala 3 - Ermelino Matarazzo, São Paulo - SP, 03806-000",5511967750941,https://wa.me/5511967750941,salão de beleza,São Paulo,Ermelino Matarazzo,2025-09-30 16:24:44
"Studio Laís Marinho – Unhas de Gel, Banho de Gel, Nail Designer & Depilação em Ermelino Matarazzo","
R. Prof. Antônio de Castro Lopes, 508 - Casa 4 - Ermelino Matarazzo, São Paulo - SP, 03805-080",5511970587681,https://wa.me/5511970587681,salão de beleza,São Paulo,Ermelino Matarazzo,2025-09-30 16:24:51
Studio Karina Nails Designer,"
Av. Paranaguá, 1591 - sala 5 - Ermelino Matarazzo, São Paulo - SP, 03806-010",5511959075708,https://wa.me/5511959075708,salão de beleza,São Paulo,Ermelino Matarazzo,2025-09-30 16:24:59
Jéssica Souza |Micropigmentação e Cílios e Cursos,"
Av. Paranaguá, 1831 - Sala 1 - Subprefeitura de Ermelino Matarazzo, São Paulo - SP, 03806-010",5511960152358,https://wa.me/5511960152358,salão de beleza,São Paulo,Ermelino Matarazzo,2025-09-30 16:25:06
Esmalteria Classe A,"
R. Urutu, 5 - Ermelino Matarazzo, São Paulo - SP, 03813-250",5511978702707,https://wa.me/5511978702707,salão de beleza,São Paulo,Ermelino Matarazzo,2025-09-30 16:25:16
Studio de Beleza Karen e Natalia Cruz,"
Av. Duílio Lenarduzzi, 428 - Ermelino Matarazzo, São Paulo - SP, 03807-050",5511994912800,https://wa.me/5511994912800,salão de beleza,São Paulo,Ermelino Matarazzo,2025-09-30 16:25:50
Darling Hair & Designer,"
R. João Antônio Andrade, 974 - Ermelino Matarazzo, São Paulo - SP, 03805-070",5511979818048,https://wa.me/5511979818048,salão de beleza,São Paulo,Ermelino Matarazzo,2025-09-30 16:25:57
"Vip Lounge Hair | Terapia Capilar Parque Boturussu, Ermelino Matarazzo","
R. Cerro de Mateus Simões, 238 - Parque Boturussu, São Paulo - SP, 03805-010",5511913184882,https://wa.me/5511913184882,salão de beleza,São Paulo,Ermelino Matarazzo,2025-09-30 16:26:29
Dulce & Divas - Corte / Visagismo / Coloração,"
R. Canela de Aracuan, 45 - Ermelino Matarazzo, São Paulo - SP, 03810-040",5511964539821,https://wa.me/5511964539821,salão de beleza,São Paulo,Ermelino Matarazzo,2025-09-30 16:27:08
Natália Rivera Beauty,"
R. Abel Tavares - Subprefeitura de Ermelino Matarazzo, São Paulo - SP, 03810-110",5511942573707,https://wa.me/5511942573707,salão de beleza,São Paulo,Ermelino Matarazzo,2025-09-30 16:27:26
Star Day Estetic Hair,"
R. Ovídio Lopes, 81 - Ermelino Matarazzo, São Paulo - SP, 03804-110",551134455727,https://wa.me/551134455727,salão de beleza,São Paulo,Ermelino Matarazzo,2025-09-30 16:27:35
Studio Jacqueline Santos,"
R. Pres. Horácio Vasquez, 107 - Ermelino Matarazzo, São Paulo - SP, 03808-150",5511944822746,https://wa.me/5511944822746,salão de beleza,São Paulo,Ermelino Matarazzo,2025-09-30 16:27:42
Studio Freitas,"
R. Américo Lobo, 56 - Ermelino Matarazzo, São Paulo - SP, 03807-240",5511965530746,https://wa.me/5511965530746,salão de beleza,São Paulo,Ermelino Matarazzo,2025-09-30 16:27:51
FATIMA HAIR - Salão de Beleza,"
R. Frei Jorge Cotrim, 273 - Ermelino Matarazzo, São Paulo - SP, 03823-050",5511974147229,https://wa.me/5511974147229,salão de beleza,São Paulo,Ermelino Matarazzo,2025-09-30 16:28:28
Nicolle Cury- Lash Designer/ Cílios,"
R. Victória Simionato, 279 - Ermelino Matarazzo, São Paulo - SP, 03808-170",5511964050961,https://wa.me/5511964050961,salão de beleza,São Paulo,Ermelino Matarazzo,2025-09-30 16:28:43
Studio Dome,"
Av. Antônio Augusto de Lima, 73 - Ermelino Matarazzo, São Paulo - SP, 03807-040",5511990084838,https://wa.me/5511990084838,salão de beleza,São Paulo,Ermelino Matarazzo,2025-09-30 16:28:50
Manicure Ermelino Matarazzo,"
R. Abaíra, 209 - Parque Cisper, São Paulo - SP, 03817-100",5511960339117,https://wa.me/5511960339117,salão de beleza,São Paulo,Ermelino Matarazzo,2025-09-30 16:28:56
Belisama Beauty Studio,"
Rua Ricardo Butarello, 231 - Ermelino Matarazzo, São Paulo - SP, 03813-010",5511973747233,https://wa.me/5511973747233,salão de beleza,São Paulo,Ermelino Matarazzo,2025-09-30 16:29:54
Espaço Santaelo Nail,"
R. Abel Tavares, 1003 - Ermelino Matarazzo, São Paulo - SP, 03810-110",5511930336985,https://wa.me/5511930336985,salão de beleza,São Paulo,Ermelino Matarazzo,2025-09-30 16:30:01
Espaço Amanda Silvino,"
R. São José, 180 - Ermelino Matarazzo, São Paulo - SP, 03813-440",5511979990341,https://wa.me/5511979990341,salão de beleza,São Paulo,Ermelino Matarazzo,2025-09-30 16:30:36
Studio Zanin Maia esmalteria e estética,"
R. Figueira da Polinésia, 161 - Subprefeitura de Ermelino Matarazzo, São Paulo - SP, 03813-000",5511934289083,https://wa.me/5511934289083,salão de beleza,São Paulo,Ermelino Matarazzo,2025-09-30 16:30:45
Atelie Unhas Karolinne Precidonio,"
R. Guilherme Vaz Pinto, 78 - Ermelino Matarazzo, São Paulo - SP, 03809-010",5511947652712,https://wa.me/5511947652712,salão de beleza,São Paulo,Ermelino Matarazzo,2025-09-30 16:31:11
DepilaGi,"
R. dos Tamarindos, 11 - Ermelino Matarazzo, São Paulo - SP, 03813-200",5511972351665,https://wa.me/5511972351665,salão de beleza,São Paulo,Ermelino Matarazzo,2025-09-30 16:31:19
Ely Cabelos Mega Hair,"
Rua Miguel Rachid, 709 - Ermelino Matarazzo, São Paulo - SP, 03808-130",5511978391658,https://wa.me/5511978391658,salão de beleza,São Paulo,Ermelino Matarazzo,2025-09-30 16:31:40
Studio Alessandra Carvalho hair,"
R. Antônio Bonici, 458 - Ermelino Matarazzo, São Paulo - SP, 03811-060",5511987063067,https://wa.me/5511987063067,salão de beleza,São Paulo,Ermelino Matarazzo,2025-09-30 16:31:46
Espaço Célia Diniz,"
R. Lino Petenone, 10 - Ermelino Matarazzo, São Paulo - SP, 03808-120",5511962310149,https://wa.me/5511962310149,salão de beleza,São Paulo,Ermelino Matarazzo,2025-09-30 16:31:53
Studio Maria Luiza unhas,"
R. Rev. João Euclídes Pereira, 451 - Ermelino Matarazzo, São Paulo - SP, 03814-080",5511969567873,https://wa.me/5511969567873,salão de beleza,São Paulo,Ermelino Matarazzo,2025-09-30 16:32:08
Studio Natalia Silva,"
Rua Miguel Rachid, 394 - Ermelino Matarazzo, São Paulo - SP, 03808-120",5511967669132,https://wa.me/5511967669132,salão de beleza,São Paulo,Ermelino Matarazzo,2025-09-30 16:32:24
Studio W,"
Studio W Iguatemi - Av. Brig. Faria Lima, 2232 - Jardim Paulistano, São Paulo - SP, 15093-340",551130942640,https://wa.me/551130942640,salão de beleza,São Paulo,Iguatemi,2025-09-30 16:39:06
Studio W JK Iguatemi,"
Av. Pres. Juscelino Kubitschek, 2041 - Itaim Bibi, São Paulo - SP, 04543-011",551130741550,https://wa.me/551130741550,salão de beleza,São Paulo,Iguatemi,2025-09-30 16:39:14
Make A Wish Espaço de Beleza,"
R. Iguatemi, 68 - Itaim Bibi, São Paulo - SP, 01451-011",5511988588778,https://wa.me/5511988588778,salão de beleza,São Paulo,Iguatemi,2025-09-30 16:39:23
ROM. Iguatemi,"
Torre Frutas - Av. Brig. Faria Lima, 2232 - 9° andar - Jardim Paulistano, São Paulo - SP, 01451-000",551138150920,https://wa.me/551138150920,salão de beleza,São Paulo,Iguatemi,2025-09-30 16:39:38
SPA Podologie - Shopping Iguatemi,"
Av. Brig. Faria Lima, 2232 - Jardim Paulistano, São Paulo - SP, 01451-000",551130311155,https://wa.me/551130311155,salão de beleza,São Paulo,Iguatemi,2025-09-30 16:40:00
Benefit Brow Bar Design de Sobrancelhas,"
SHOPPING JK IGUATEMI - Av. Pres. Juscelino Kubitschek, 2041 - Vila Olímpia, São Paulo - SP, 04543-011",551131526691,https://wa.me/551131526691,salão de beleza,São Paulo,Iguatemi,2025-09-30 16:40:06
Studio beleza fascinante em São Paulo,"
Av. Ragueb Chohfi, 5047 - sala 2 - Jardim Iguatemi, São Paulo - SP, 08380-330",5511965382671,https://wa.me/5511965382671,salão de beleza,São Paulo,Iguatemi,2025-09-30 16:41:18
Salão de Beleza - Nuance,"
R. Dorotéia Eugrassia, 70 - Jardim Iguatemi, São Paulo - SP, 08380-310",5511986222947,https://wa.me/5511986222947,salão de beleza,São Paulo,Iguatemi,2025-09-30 16:41:51
Studio Karina Saib,"
R. Iguatemi, 239 - Conj 14 - Itaim Bibi, São Paulo - SP, 01451-011",5511987722235,https://wa.me/5511987722235,salão de beleza,São Paulo,Iguatemi,2025-09-30 17:12:43
Bruna Lucena - Studio W JK Iguatemi,"
Av. Pres. Juscelino Kubitschek, 2041 - Vila Olímpia, São Paulo - SP, 04543-011",5511957540591,https://wa.me/5511957540591,salão de beleza,São Paulo,Iguatemi,2025-09-30 17:13:30
Daniela Rocha ROM Shopping Iguatemi,"
Av. Brig. Faria Lima, 2232 - Jardim Paulistano, São Paulo - SP, 01451-000",5511915312644,https://wa.me/5511915312644,salão de beleza,São Paulo,Iguatemi,2025-09-30 17:13:45
Amanda Mota / Studio W - JK,"
Avenida Presidente Juscelino Kubitscheck - JK Iguatemi, 2041 - Itaim Bibi, São Paulo - SP, 04543-011",5511989086578,https://wa.me/5511989086578,salão de beleza,São Paulo,Iguatemi,2025-09-30 17:13:55
Tereza Paiva / Studio W - JK,"
Avenida Presidente Juscelino Kubitscheck - JK Iguatemi, 2041 - Vila Olímpia, São Paulo - SP, 04543-011",5511971356561,https://wa.me/5511971356561,salão de beleza,São Paulo,Iguatemi,2025-09-30 17:14:02
VIDA CABELEIREIROS,"
R. Iguatemi, 252 - conj 43 - Itaim Bibi, São Paulo - SP, 01451-010",5511983836083,https://wa.me/5511983836083,salão de beleza,São Paulo,Iguatemi,2025-09-30 17:14:29
Espaçolaser - Iguatemi Shopping,"
Av. Brig. Faria Lima, 2232 - LOJA W-20 - Pinheiros, São Paulo - SP, 01489-900",551130340909,https://wa.me/551130340909,salão de beleza,São Paulo,Iguatemi,2025-09-30 17:15:01
The Look Salão de Beleza,"
Rua Guandu, 3 - Jardim Analia Franco, São Paulo - SP, 03320-000",5511940318700,https://wa.me/5511940318700,salão de beleza,São Paulo,Jardim Anália Franco,2025-09-30 17:28:49
Pamela Xuxa,"
R. Prof. João de Oliveira Torres, 545 - Jardim Analia Franco, São Paulo - SP, 03337-010",551126730468,https://wa.me/551126730468,salão de beleza,São Paulo,Jardim Anália Franco,2025-09-30 17:28:55
Salão 1261 - Anália Franco,"
Rua Padre Landell de Moura, 299 - Jardim Analia Franco, São Paulo - SP, 03337-080",5511974158551,https://wa.me/5511974158551,salão de beleza,São Paulo,Jardim Anália Franco,2025-09-30 17:29:04
BackStage Beauty Center,"
R. José Oscar Abreu Sampaio, 382 - Jardim Analia Franco, São Paulo - SP, 03337-020",551123382919,https://wa.me/551123382919,salão de beleza,São Paulo,Jardim Anália Franco,2025-09-30 17:29:10
Spazio JK Cabelo e Estética,"
R. Emília Marengo, 831 - Jardim Analia Franco, São Paulo - SP, 03336-000",551126743344,https://wa.me/551126743344,salão de beleza,São Paulo,Jardim Anália Franco,2025-09-30 17:29:17
Gerson Pereira da Costa Cabeleireiros,"
Rua Cândido Lacerda, 114 Edifício Astoria, Térreo - Jardim Analia Franco, São Paulo - SP, 03337-020",5511982665950,https://wa.me/5511982665950,salão de beleza,São Paulo,Jardim Anália Franco,2025-09-30 17:29:24
LUX CONCEPT HAIR,"
R. Apucarana, 1652 - Jardim Analia Franco, São Paulo - SP, 03311-001",551135890458,https://wa.me/551135890458,salão de beleza,São Paulo,Jardim Anália Franco,2025-09-30 17:29:30
Espaço Rosí,"
R. Prof. João de Oliveira Torres, 531 - sobre loja - Jardim Analia Franco, São Paulo - SP, 03337-010",5511989134595,https://wa.me/5511989134595,salão de beleza,São Paulo,Jardim Anália Franco,2025-09-30 17:29:53
Spazzio Cabelo & Estética,"
R. José Oscar Abreu Sampaio, 235 - Jardim Analia Franco, São Paulo - SP, 03337-020",551126722615,https://wa.me/551126722615,salão de beleza,São Paulo,Jardim Anália Franco,2025-09-30 17:29:59
Fast Escova Anália Franco,"
Rua Acuruí, 124 - Jardim Analia Franco, São Paulo - SP, 03355-000",5511970730018,https://wa.me/5511970730018,salão de beleza,São Paulo,Jardim Anália Franco,2025-09-30 17:30:08
salão especializado em luzes sp,"
Tatuapé. Rua Eleonora Cintra, 1307 WhatsApp: 94802-12994 Tatuapé - Jardim Analia Franco, São Paulo - SP, 03337-000",551127389218,https://wa.me/551127389218,salão de beleza,São Paulo,Jardim Anália Franco,2025-09-30 17:30:16
Studio Fran Beauty,"
R. Prof. João de Oliveira Torres, 341 - Jardim Analia Franco, São Paulo - SP, 03337-010",5511987947042,https://wa.me/5511987947042,salão de beleza,São Paulo,Jardim Anália Franco,2025-09-30 17:30:23
Paris Belle - Salão de Beleza,"
R. Eunice Weaver, 132 - Jardim Analia Franco, São Paulo - SP, 03333-060",551132054317,https://wa.me/551132054317,salão de beleza,São Paulo,Jardim Anália Franco,2025-09-30 17:30:32
CYBELLE COIFFEUR,"
R. Americana, 84 - Jardim Analia Franco, São Paulo - SP, 03337-090",551126723979,https://wa.me/551126723979,salão de beleza,São Paulo,Jardim Anália Franco,2025-09-30 17:30:40
RODRIGO LORENZON hair & co | Salão de Beleza,"
R. Potá, 162 - Jardim Analia Franco, São Paulo - SP, 03357-037",5511985062939,https://wa.me/5511985062939,salão de beleza,São Paulo,Jardim Anália Franco,2025-09-30 17:31:01
Ateliê Cátia Bueno,"
Av. Reg. Feijó, 944 - sala 1503B - Jardim Analia Franco, São Paulo - SP, 03342-000",5511950310247,https://wa.me/5511950310247,salão de beleza,São Paulo,Jardim Anália Franco,2025-09-30 17:31:08
ZA-A Anália Franco,"
Rua Nagib Izar, 273 - Jardim Analia Franco, São Paulo - SP, 03337-070",551126750343,https://wa.me/551126750343,salão de beleza,São Paulo,Jardim Anália Franco,2025-09-30 17:31:16
Luamarine SPA,"
Rua Padre Landell de Moura, 123 - Jardim Analia Franco, São Paulo - SP, 03337-080",551125322310,https://wa.me/551125322310,salão de beleza,São Paulo,Jardim Anália Franco,2025-09-30 17:31:21
Studio Andreia,"
Rua:Coronel Irineu de Castro106 - Jardim Analia Franco, São Paulo - SP, 03333-050",5511993681118,https://wa.me/5511993681118,salão de beleza,São Paulo,Jardim Anália Franco,2025-09-30 17:31:28
Turquesa Esmalteria & Beleza - Anália Franco,"
R. Prof. João de Oliveira Torres, 39 - Jardim Analia Franco, São Paulo - SP, 03337-010",5511944677780,https://wa.me/5511944677780,salão de beleza,São Paulo,Jardim Anália Franco,2025-09-30 17:31:35
Studio Ams,"
R. Caririaçu, 13 - Jardim Analia Franco, São Paulo - SP, 03335-120",5511954268354,https://wa.me/5511954268354,salão de beleza,São Paulo,Jardim Anália Franco,2025-09-30 17:32:09
Mari Studio de Beleza em Tatuapé - SP,"
Rua Padre Landell de Moura, 114 - Jardim Analia Franco, São Paulo - SP, 03337-080",5511987475234,https://wa.me/5511987475234,salão de beleza,São Paulo,Jardim Anália Franco,2025-09-30 17:32:31
Corte Alegria - Shopping Anália Franco,"
Piso Acácia - Av. Reg. Feijó, 1739 - loja 037B - Jardim Analia Franco, São Paulo - SP, 03342-900",5511945522081,https://wa.me/5511945522081,salão de beleza,São Paulo,Jardim Anália Franco,2025-09-30 17:32:48
Bioma Salon | Anália,"
R. Prof. João de Oliveira Torres, 481 - Jardim Analia Franco, São Paulo - SP, 03337-010",551126713847,https://wa.me/551126713847,salão de beleza,São Paulo,Jardim Anália Franco,2025-09-30 17:33:03
Camarim Moda e Beleza,"
Av. Dr. Eduardo Cotching, 1193 - Jardim Analia Franco, São Paulo - SP, 03356-000",5511989152219,https://wa.me/5511989152219,salão de beleza,São Paulo,Jardim Anália Franco,2025-09-30 17:33:31
Studio Rosa,"
R. Alonso Calhamares, 252 - Jardim Analia Franco, São Paulo - SP, 03335-080",5511987983883,https://wa.me/5511987983883,salão de beleza,São Paulo,Jardim Anália Franco,2025-09-30 17:33:38
Dondocas,"
Rua Padre Landell de Moura, 77 - Jardim Analia Franco, São Paulo - SP, 03337-080",551123591212,https://wa.me/551123591212,salão de beleza,São Paulo,Jardim Anália Franco,2025-09-30 17:33:57
Studio Luna Marzo,"
Rua Nagib Izar, 87 - Jardim Analia Franco, São Paulo - SP, 03337-070",5511970576347,https://wa.me/5511970576347,salão de beleza,São Paulo,Jardim Anália Franco,2025-09-30 17:34:06
Magnifique Studio - Anália Franco,"
Av. Reg. Feijó, 944 - sala 307 B - Jardim Analia Franco, São Paulo - SP, 03334-000",551126598566,https://wa.me/551126598566,salão de beleza,São Paulo,Jardim Anália Franco,2025-09-30 17:34:13
Santucci Concept Hair,"
R. Apucarana, 1336 - Jardim Analia Franco, São Paulo - SP, 03311-001",5511964291815,https://wa.me/5511964291815,salão de beleza,São Paulo,Jardim Anália Franco,2025-09-30 17:34:36
Elton Coelho Hair,"
R. Rosa das Neves, 27 - Jardim Analia Franco, São Paulo - SP, 03336-040",5511910308509,https://wa.me/5511910308509,salão de beleza,São Paulo,Jardim Anália Franco,2025-09-30 17:34:59
Studio Panamá,"
R. Pantojo, 928 - Jardim Analia Franco, São Paulo - SP, 03343-000",5511994760805,https://wa.me/5511994760805,salão de beleza,São Paulo,Jardim Anália Franco,2025-09-30 17:35:15
Studio Jac Medeiros,"
Av. Ver. Abel Ferreira, 2980 - Jardim Analia Franco, São Paulo - SP, 03340-000",5511965018571,https://wa.me/5511965018571,salão de beleza,São Paulo,Jardim Anália Franco,2025-09-30 17:35:23
Bia Rodrigues cabelos e unhas,"
R. José Oscar Abreu Sampaio, 272 - Jardim Analia Franco, São Paulo - SP, 03337-020",5511986303553,https://wa.me/5511986303553,salão de beleza,São Paulo,Jardim Anália Franco,2025-09-30 17:35:54
"Flor de Cerejeira Nail Art Esmalteria - Alongamento de Unhas, Manicure, Spa dos Pés, Lash Lifting e Sobrancelhas","
R. Alonso Calhamares, 8 - Jardim Analia Franco, São Paulo - SP, 03335-080",551126742413,https://wa.me/551126742413,salão de beleza,São Paulo,Jardim Anália Franco,2025-09-30 17:36:12
Mery Ellen Beauty Center,"
R. Emília Marengo, 411 - Jardim Analia Franco, São Paulo - SP, 03336-000",5511967185308,https://wa.me/5511967185308,salão de beleza,São Paulo,Jardim Anália Franco,2025-09-30 17:36:18
Ürban hair cabelo e alma,"
R. Francisco Zicardi, 364 - Jardim Analia Franco, São Paulo - SP, 03335-090",5511948787447,https://wa.me/5511948787447,salão de beleza,São Paulo,Jardim Anália Franco,2025-09-30 17:36:25
Stúdio Panamá,"
R. Pantojo, 928 - Jardim Analia Franco, São Paulo - SP, 03343-000",5511994760805,https://wa.me/5511994760805,salão de beleza,São Paulo,Jardim Anália Franco,2025-09-30 17:36:34
Actualle Spa e Beauty,"
R. Pantojo, 501 - Jardim Analia Franco, São Paulo - SP, 03346-030",551120216524,https://wa.me/551120216524,salão de beleza,São Paulo,Jardim Anália Franco,2025-09-30 17:36:56
EWA Espaço de Beleza,"
Av. Ver. Abel Ferreira, 1844 - sala 412 - Jardim Analia Franco, São Paulo - SP, 03348-030",5511959982718,https://wa.me/5511959982718,salão de beleza,São Paulo,Jardim Anália Franco,2025-09-30 17:37:24
Studio Santa Helena,"
R. Cel. Irineu de Castro, 363 - Jardim Analia Franco, São Paulo - SP, 03307-005",5511989956970,https://wa.me/5511989956970,salão de beleza,São Paulo,Jardim Anália Franco,2025-09-30 17:38:06
Lady Lu,"
R. Eleonora Cintra, 338 - Jardim Analia Franco, São Paulo - SP, 03337-000",5511946335604,https://wa.me/5511946335604,salão de beleza,São Paulo,Jardim Anália Franco,2025-09-30 17:38:30
Espaço Vick Anália Franco - Designer de Unhas,"
R. Prof. João de Oliveira Torres - Jardim Analia Franco, São Paulo - SP, 03337-010",5511983128338,https://wa.me/5511983128338,salão de beleza,São Paulo,Jardim Anália Franco,2025-09-30 17:38:40
Clínica Steh,"
R. Emília Marengo, 856 - sala 4 - Jardim Analia Franco, São Paulo - SP, 03336-000",5511940697632,https://wa.me/5511940697632,salão de beleza,São Paulo,Jardim Anália Franco,2025-09-30 17:38:50
Studio S&C - embelezamento do olhar,"
R. Mal. Barbacena, 85 - Jardim Analia Franco, São Paulo - SP, 03333-000",5511963432407,https://wa.me/5511963432407,salão de beleza,São Paulo,Jardim Anália Franco,2025-09-30 17:38:57
Fast Escova Vila Prudente - Salão de beleza sem hora marcada,"
Av. Francisco Falconi, 640 - Jardim Avelino, São Paulo - SP, 03227-000",5511975154040,https://wa.me/5511975154040,salão de beleza,São Paulo,Jardim Avelino,2025-10-01 09:01:32
Tiago Cordeschi Hair,"
R. Lázaro José Gonçalves, 64 - Jardim Avelino, São Paulo - SP, 03227-060",5511942877332,https://wa.me/5511942877332,salão de beleza,São Paulo,Jardim Avelino,2025-10-01 09:01:42
Grupo Kamarim - Institulo de beleza l SPA l Estética avançada,"
R. Mário Augusto do Carmo, 356 - Jardim Avelino, São Paulo - SP, 03227-070",551120848918,https://wa.me/551120848918,salão de beleza,São Paulo,Jardim Avelino,2025-10-01 09:01:52
Studio Joy Estética e Bem Estar,"
R. Giovani Pattoli, 461 - Jardim Avelino - Jardim Avelino, São Paulo - SP, 03227-090",5511911406790,https://wa.me/5511911406790,salão de beleza,São Paulo,Jardim Avelino,2025-10-01 09:02:00
LUXURIA STUDIO DE CABELEREIROS & MANICURES,"
R. Joaquim Moreira Dias, 333 - Jardim Avelino, São Paulo - SP, 03226-050",5511999960384,https://wa.me/5511999960384,salão de beleza,São Paulo,Jardim Avelino,2025-10-01 09:02:06
Meg Oliveira Beauty Institute,"
R. Pinheiro Guimarães, 616 - Jardim Avelino, São Paulo - SP, 11345-260",551123455743,https://wa.me/551123455743,salão de beleza,São Paulo,Jardim Avelino,2025-10-01 09:02:14
Cia do Corte,"
R. Giovani Pattoli, 461 - Jardim Avelino, São Paulo - SP, 03227-090",5511949489125,https://wa.me/5511949489125,salão de beleza,São Paulo,Jardim Avelino,2025-10-01 09:02:22
La Belle Studio,"
R. das Mimosas, 198 - Jardim Avelino, São Paulo - SP, 03144-010",5511982062263,https://wa.me/5511982062263,salão de beleza,São Paulo,Jardim Avelino,2025-10-01 09:02:47
Rubinho Cabeleireiros,"
Av. Francisco Falconi, 1484 - Jardim Avelino, São Paulo - SP, 03227-000",551123417350,https://wa.me/551123417350,salão de beleza,São Paulo,Jardim Avelino,2025-10-01 09:02:57
Stefhanie Brogna,"
R. Mário Augusto do Carmo, 377 - Jardim Avelino, São Paulo - SP, 03227-070",551135679224,https://wa.me/551135679224,salão de beleza,São Paulo,Jardim Avelino,2025-10-01 09:03:39
JEUNESSE JARDIM AVELINO,"
R. Antônio Genzini, 103 - Jardim Avelino, São Paulo - SP, 03227-030",5511991225129,https://wa.me/5511991225129,salão de beleza,São Paulo,Jardim Avelino,2025-10-01 09:03:59
Psicoterapia Elaine Aizner,"
Rua Lydia Ferrari Magnoli, 250 - Jardim Avelino, São Paulo - SP, 03227-085",5511996566480,https://wa.me/5511996566480,salão de beleza,São Paulo,Jardim Avelino,2025-10-01 09:08:14
Espaço Du & Dalva Consultoria de Beleza,"
Av. Félix Nascentes Pinto, 224 - Jardim Helena, São Paulo - SP, 08090-280",551125857057,https://wa.me/551125857057,salão de beleza,São Paulo,Jardim Helena,2025-10-01 09:50:27
Estudio Arte e Beleza,"
R. Camomila, 51 - Jardim Helena, São Paulo - SP, 08090-530",551125814599,https://wa.me/551125814599,salão de beleza,São Paulo,Jardim Helena,2025-10-01 09:50:34
Studio Royale,"
Rua Tinguaçu, 138 - Jardim Helena, São Paulo - SP, 08090-400",5511965319296,https://wa.me/5511965319296,salão de beleza,São Paulo,Jardim Helena,2025-10-01 09:50:43
Salão da Naty,"
R. Kumaki Aoki, 750 - Jardim Helena, São Paulo - SP, 08090-370",551125860454,https://wa.me/551125860454,salão de beleza,São Paulo,Jardim Helena,2025-10-01 09:50:51
Studio Lucarelli,"
R. Algodoeiros, 170 - Jardim Helena, São Paulo - SP, 08090-540",5511983155463,https://wa.me/5511983155463,salão de beleza,São Paulo,Jardim Helena,2025-10-01 09:50:56
Studio Vitória Cavalcante,"
R. Monsenhor Lourenço Giordano - Jardim Helena, São Paulo - SP, 08080-330",5511951296592,https://wa.me/5511951296592,salão de beleza,São Paulo,Jardim Helena,2025-10-01 09:51:03
Studio Evelyn Almeida,"
Rua Inácio Alvarez, 245 - Jardim Helena, São Paulo - SP, 08090-660",5511962147396,https://wa.me/5511962147396,salão de beleza,São Paulo,Jardim Helena,2025-10-01 09:51:13
Estética AM Beauty,"
R. Guaracapema, 20 - Jardim Helena, São Paulo - SP, 08080-680",5511989388415,https://wa.me/5511989388415,salão de beleza,São Paulo,Jardim Helena,2025-10-01 09:51:35
Studio Reeh Hair Styllist,"
R. Álvaro Coelho, 232 - Jardim Helena, São Paulo - SP, 08081-400",5511953627172,https://wa.me/5511953627172,salão de beleza,São Paulo,Jardim Helena,2025-10-01 09:51:48
Unique Shine Espaço,"
R. São João Batista dos Passos, 61 - Jardim Helena, São Paulo - SP, 08090-420",5511947826703,https://wa.me/5511947826703,salão de beleza,São Paulo,Jardim Helena,2025-10-01 09:51:55
Nori Cabeleireira,"
R. Kumaki Aoki, 480 - Jardim Helena, São Paulo - SP, 08090-370",551125846526,https://wa.me/551125846526,salão de beleza,São Paulo,Jardim Helena,2025-10-01 09:52:02
Atelie Beth Genuino,"
R. Tetiximira, 36 - Jardim Helena, São Paulo - SP, 08081-210",5511952250544,https://wa.me/5511952250544,salão de beleza,São Paulo,Jardim Helena,2025-10-01 09:52:19
Studio Lago,"
R. Sabiá-Laranjeira, 209 - Jardim Helena, São Paulo - SP, 08081-160",5511974636857,https://wa.me/5511974636857,salão de beleza,São Paulo,Jardim Helena,2025-10-01 09:52:43
Novo Visual,"
Av. Oliveira Freire, 1950 - Jardim Helena, São Paulo - SP, 08081-490",5511964556591,https://wa.me/5511964556591,salão de beleza,São Paulo,Jardim Helena,2025-10-01 09:52:53
Espaço Fernanda Leite,"
R. Araguaia Paraense, 10 - Jardim Helena, São Paulo - SP, 08090-510",5511913523725,https://wa.me/5511913523725,salão de beleza,São Paulo,Jardim Helena,2025-10-01 09:53:02
As Cardoso Beauty Studio,"
R. dos Morangueiros, 31 - Jardim Helena, São Paulo - SP, 08081-485",5511951365740,https://wa.me/5511951365740,salão de beleza,São Paulo,Jardim Helena,2025-10-01 09:53:12
Salão de cabeleireiro stylushair,"
Av. José Martins Lisboa, 527 - Jardim Helena, São Paulo - SP, 08081-010",5511966895168,https://wa.me/5511966895168,salão de beleza,São Paulo,Jardim Helena,2025-10-01 09:53:20
Studio uniq,"
R. Ascenso Fernandes, 710 - Jardim Helena, São Paulo - SP, 08081-040",5511958718727,https://wa.me/5511958718727,salão de beleza,São Paulo,Jardim Helena,2025-10-01 09:53:30
Studio Nilda oliveira,"
Av. José Martins Lisboa, 811 - Jardim Helena, São Paulo - SP, 08081-010",5511947044795,https://wa.me/5511947044795,salão de beleza,São Paulo,Jardim Helena,2025-10-01 09:53:51
Lu fashion hair,"
R. Sodré de Aragão, 21 - Jardim Helena, São Paulo - SP, 08090-550",5511953437497,https://wa.me/5511953437497,salão de beleza,São Paulo,Jardim Helena,2025-10-01 09:54:18
Studio Emily Ruchell,"
R. dos Mururés, 441 - Jardim Helena, São Paulo - SP, 08090-580",5511949914817,https://wa.me/5511949914817,salão de beleza,São Paulo,Jardim Helena,2025-10-01 09:54:28
GiihStudio15,"
R. Camomila, 462 - Jardim Helena, São Paulo - SP, 08090-530",5511977332884,https://wa.me/5511977332884,salão de beleza,São Paulo,Jardim Helena,2025-10-01 09:54:37
"Carla, Espaço de Beleza","
R. Conceição de Minas - Jardim Helena, São Paulo - SP, 08090-330",5511950750747,https://wa.me/5511950750747,salão de beleza,São Paulo,Jardim Helena,2025-10-01 09:55:05
Rosana Oliveira Podologia e CIA,"
Rua Tinguaçu, 138 - Jardim Helena, São Paulo - SP, 08090-400",5511932361774,https://wa.me/5511932361774,salão de beleza,São Paulo,Jardim Helena,2025-10-01 09:55:14
Salão Sandra Paulino,"
R. Ana Maria Sirani, 359 - Conj. Res. José Bonifácio, São Paulo - SP, 08255-400",551125240066,https://wa.me/551125240066,salão de beleza,São Paulo,José Bonifácio,2025-10-01 12:05:42
Salão de beleza art' Belle,"
Rua Cristovão de Salamanca - Conjunto José Bonifácio, São Paulo - SP, 08253-700",551125271055,https://wa.me/551125271055,salão de beleza,São Paulo,José Bonifácio,2025-10-01 12:05:51
Studio Eu Diva - by Creusa,"
R. Sílvio Barbini, 47 - Conj. Res. José Bonifácio, São Paulo - SP, 08250-650",5511949765093,https://wa.me/5511949765093,salão de beleza,São Paulo,José Bonifácio,2025-10-01 12:05:57
Espaço Amanda Rebeca,"
Rua Silvianópolis, 374 - Conj. Res. José Bonifácio, São Paulo - SP, 08255-415",5511993301914,https://wa.me/5511993301914,salão de beleza,São Paulo,José Bonifácio,2025-10-01 12:06:04
Drikkahair Salão De Beleza em Itaquera José Bonifácio,"
R. Sílvio Barbini, 601 - Conj. Res. José Bonifácio, São Paulo - SP, 08250-650",5511963195960,https://wa.me/5511963195960,salão de beleza,São Paulo,José Bonifácio,2025-10-01 12:06:12
Cosme Cabeleireiros,"
R. Jardim Tamoio, 1520 - Conj. Res. José Bonifácio, São Paulo - SP, 08255-010",5511971160250,https://wa.me/5511971160250,salão de beleza,São Paulo,José Bonifácio,2025-10-01 12:06:19
Studio Transformation | Jose Bonifacio,"
Rua Caetano Bonatti, 24 - Conj. Res. José Bonifácio, São Paulo - SP, 08255-240",5511995475940,https://wa.me/5511995475940,salão de beleza,São Paulo,José Bonifácio,2025-10-01 12:06:28
Lua Sá,"
R. Eugênio Albini, 30 - José Bonifácio, São Paulo - SP, 08250-640",5511962372837,https://wa.me/5511962372837,salão de beleza,São Paulo,José Bonifácio,2025-10-01 12:06:51
Sempre Bella Spa Da Sobrancelha E Cabeleireiro,"
R. Jardim Tamoio, 1555 - Conj. Res. José Bonifácio, São Paulo - SP, 08255-010",5511948638810,https://wa.me/5511948638810,salão de beleza,São Paulo,José Bonifácio,2025-10-01 12:07:00
Studio Li Rodrigues,"
Rua Pietro Rafanelli, n° 109 - José Bonifácio, São Paulo - SP, 08255-210",5511968015259,https://wa.me/5511968015259,salão de beleza,São Paulo,José Bonifácio,2025-10-01 12:07:08
"Divina Cor Esmalteria , By Juliana Alfonsin","
Av. Nagib Farah Maluf, 387 - Conj. Res. José Bonifácio, São Paulo - SP, 08255-000",5511947106759,https://wa.me/5511947106759,salão de beleza,São Paulo,José Bonifácio,2025-10-01 12:07:23
Larissa beauty Studio.,"
R. Jardim Tamoio, 1578 - Conj. Res. José Bonifácio, São Paulo - SP, 08255-010",5511987100132,https://wa.me/5511987100132,salão de beleza,São Paulo,José Bonifácio,2025-10-01 12:07:31
Studio Diana Tomaz,"
R. Sílvio Barbini, 601 - José Bonifácio, São Paulo - SP, 08250-650",5511978444685,https://wa.me/5511978444685,salão de beleza,São Paulo,José Bonifácio,2025-10-01 12:07:41
Amorim's Espaço Beleza,"
R. Virgínia Ferni, 901 B - Conj. Res. José Bonifácio, São Paulo - SP, 08253-000",5511961399716,https://wa.me/5511961399716,salão de beleza,São Paulo,José Bonifácio,2025-10-01 12:08:05
Brito's Cabeleireiros,"
R. Jardim Tamoio, 1422 - Conj. Res. José Bonifácio, São Paulo - SP, 08255-010",551125240955,https://wa.me/551125240955,salão de beleza,São Paulo,José Bonifácio,2025-10-01 12:08:15
Beleza Espaço Estético,"
R. Virgínia Ferni, 560a - Conj. Res. José Bonifácio, São Paulo - SP, 08253-000",5511949588119,https://wa.me/5511949588119,salão de beleza,São Paulo,José Bonifácio,2025-10-01 12:08:23
BUCO AFRO - Beleza Crespa e Cacheada,"
Rua Silvio Barbini, 510 (Estacionamento, loja 537 - CJ JOSE BONIFACIO, São Paulo - SP, 08250-650",5511984409901,https://wa.me/5511984409901,salão de beleza,São Paulo,José Bonifácio,2025-10-01 12:08:30
BUCO AFRO - Beleza Crespa e Cacheada,"
Rua Silvio Barbini, 510 (Estacionamento, loja 537 - CJ JOSE BONIFACIO, São Paulo - SP, 08250-650",5511984409901,https://wa.me/5511984409901,salão de beleza,São Paulo,José Bonifácio,2025-10-01 12:08:39
Studio Gata Rosa,"
R. Franz Benda, 16 - Conj. Res. José Bonifácio, São Paulo - SP, 08255-150",5511953322988,https://wa.me/5511953322988,salão de beleza,São Paulo,José Bonifácio,2025-10-01 12:09:19
Espaço Barreto Coiffeur,"
R. Ana Maria Sirani, 578 - Conj. Res. José Bonifácio, São Paulo - SP, 08255-400",5511939530809,https://wa.me/5511939530809,salão de beleza,São Paulo,José Bonifácio,2025-10-01 12:09:28
Espacoedy,"
Rua : Giulio Ferro, : 65 - José Bonifácio, São Paulo - SP, 08255-230",5511988392329,https://wa.me/5511988392329,salão de beleza,São Paulo,José Bonifácio,2025-10-01 12:09:34
Praxedes Beauty,"
R. Jardim Tamoio, 568 - José Bonifácio, São Paulo - SP, 08255-010",5511939582797,https://wa.me/5511939582797,salão de beleza,São Paulo,José Bonifácio,2025-10-01 12:09:44
Studio de Beleza Mari Relvas,"
Rua Águas de Março, 13A - Conj. Res. José Bonifácio, São Paulo - SP, 08257-010",5511952478662,https://wa.me/5511952478662,salão de beleza,São Paulo,José Bonifácio,2025-10-01 12:10:11
Studio Acho Chique,"
R. Jardim Tamoio, 1378 - Conj. Res. José Bonifácio, São Paulo - SP, 08253-445",5511968796419,https://wa.me/5511968796419,salão de beleza,São Paulo,José Bonifácio,2025-10-01 12:10:20
Espaço lotus beleza e estética,"
R. Giácomo Perti, 412 - Conj. Res. José Bonifácio, São Paulo - SP, 08253-080",5511972930913,https://wa.me/5511972930913,salão de beleza,São Paulo,José Bonifácio,2025-10-01 12:10:26
Studio Sonhos de princesa,"
Rua Alfredo Ricci, 177 C - Conj. Res. José Bonifácio, São Paulo - SP, 08253-010",5511986156314,https://wa.me/5511986156314,salão de beleza,São Paulo,José Bonifácio,2025-10-01 12:10:35
Esmalteria de Veludo | Pamela afonso,"
Av. Nagib Farah Maluf, 539 - José Bonifácio, São Paulo - SP, 08255-000",5511988467256,https://wa.me/5511988467256,salão de beleza,São Paulo,José Bonifácio,2025-10-01 12:10:45
Sobrancelhabyhelen,"
R. Baltazar Teles, 20 - Conj. Res. José Bonifácio, São Paulo - SP, 08250-560",5511948156542,https://wa.me/5511948156542,salão de beleza,São Paulo,José Bonifácio,2025-10-01 12:10:52
Pop Lash - cílios e sobrancelhas,"
R. Roberto Medeiros, 132 - José Bonifácio, São Paulo - SP, 08253-320",5511964467805,https://wa.me/5511964467805,salão de beleza,São Paulo,José Bonifácio,2025-10-01 12:10:59
Beauty Reis,"
R. Sílvio Barbini, 605 - Conj. Res. José Bonifácio, São Paulo - SP, 08250-650",5511970462957,https://wa.me/5511970462957,salão de beleza,São Paulo,José Bonifácio,2025-10-01 12:11:17
Studio Beatriz Camilo,"
R. Daniel Mongolo, 26 - Conj. Res. José Bonifácio, São Paulo - SP, 08250-580",5511917525721,https://wa.me/5511917525721,salão de beleza,São Paulo,José Bonifácio,2025-10-01 12:11:24
nails madu,"
Rua Giovanni Segantini - José Bonifácio, São Paulo - SP, 08253-340",5511988916919,https://wa.me/5511988916919,salão de beleza,São Paulo,José Bonifácio,2025-10-01 12:11:35
Studio KMK,"
Rua João Portes de Almeida, 35 - Conj. Res. José Bonifácio, São Paulo - SP, 08250-520",551120165422,https://wa.me/551120165422,salão de beleza,São Paulo,José Bonifácio,2025-10-01 12:11:41
Salão Os Guerreiros Ele e Ela,"
Av. Nagib Farah Maluf, 407 - Conj. Res. José Bonifácio, São Paulo - SP, 08255-000",5511995086453,https://wa.me/5511995086453,salão de beleza,São Paulo,José Bonifácio,2025-10-01 12:12:14
Studiorosangelasousa,"
R. Bárbara Leoni, 08 - Conj. Res. José Bonifácio, São Paulo - SP, 08250-620",5511953853912,https://wa.me/5511953853912,salão de beleza,São Paulo,José Bonifácio,2025-10-01 12:12:23
Única | Espaço de Saúde e Beleza,"
R. Jardim Tamoio, 1653 - Conj. Res. José Bonifácio, São Paulo - SP, 08255-010",5511958143412,https://wa.me/5511958143412,salão de beleza,São Paulo,José Bonifácio,2025-10-01 12:12:30
Studioo.b_,"
R. Emília Brasão, 18 - José Bonifácio, São Paulo - SP, 08250-680",5511958369106,https://wa.me/5511958369106,salão de beleza,São Paulo,José Bonifácio,2025-10-01 12:12:39
STUDIO RAUANY,"
R. Ana Maria Sirani, 380 - Conj. Res. José Bonifácio, São Paulo - SP, 08255-400",5511954484177,https://wa.me/5511954484177,salão de beleza,São Paulo,José Bonifácio,2025-10-01 12:12:48
Vânia Studio Cherie,"
R. Bárbara Leoni, 16 - Conj. Res. José Bonifácio, São Paulo - SP, 08250-620",5511962629276,https://wa.me/5511962629276,salão de beleza,São Paulo,José Bonifácio,2025-10-01 12:12:55
Mathai Estética,"
R. Geraldo Santen, 212 - José Bonifácio, São Paulo - SP, 08250-500",5511972134708,https://wa.me/5511972134708,salão de beleza,São Paulo,José Bonifácio,2025-10-01 12:13:01
Sobrancelhas Fabiane,"
Rua Manuel de Agreda, 40 - José Bonifácio, São Paulo - SP, 08255-670",5511957833310,https://wa.me/5511957833310,salão de beleza,São Paulo,José Bonifácio,2025-10-01 12:13:26
Salão de Beleza Studyo Stylo,"
Rua Virgínia Ferni 1341 Conjunto José Bonifácio II, São Paulo - SP, 08253-001",5511963419942,https://wa.me/5511963419942,salão de beleza,São Paulo,José Bonifácio,2025-10-01 12:13:35
Giovana Souza,"
R. Virgínia Ferni, 2007 - José Bonifácio, São Paulo - SP, 08253-001",5511948410835,https://wa.me/5511948410835,salão de beleza,São Paulo,José Bonifácio,2025-10-01 12:13:43
Studio 3M's,"
Rua Santa Edith, 264 - Conj. Res. José Bonifácio, São Paulo - SP, 08420-400",5511975424488,https://wa.me/5511975424488,salão de beleza,São Paulo,José Bonifácio,2025-10-01 12:13:51
Espaço Mah-Rhy,"
R. Virgínia Ferni, 1794 - Conj. Res. José Bonifácio, São Paulo - SP, 08253-000",5511981165743,https://wa.me/5511981165743,salão de beleza,São Paulo,José Bonifácio,2025-10-01 12:14:12
Ana Andrade Studio,"
R. Andorinha da Mata, 34A - Conj. Res. José Bonifácio, São Paulo - SP, 08253-520",5511947934376,https://wa.me/5511947934376,salão de beleza,São Paulo,José Bonifácio,2025-10-01 12:14:20
Studio CeliaXP,"
R. Jucurucu, 965 - Conj. Res. José Bonifácio, São Paulo - SP, 08246-030",5511952465460,https://wa.me/5511952465460,salão de beleza,São Paulo,José Bonifácio,2025-10-01 12:14:36
Ivy Hair - Studio de Beleza,"
R. Dança do Fogo, 65 - Conj. Res. José Bonifácio, São Paulo - SP, 08253-470",5511963157286,https://wa.me/5511963157286,salão de beleza,São Paulo,José Bonifácio,2025-10-01 12:14:56
Studio Riccas,"
R. Emílio Serrano, 30 - Conj. Res. José Bonifácio, São Paulo - SP, 08253-030",5511958496731,https://wa.me/5511958496731,salão de beleza,São Paulo,José Bonifácio,2025-10-01 12:15:16
Studio Brendy Nascimento - Sobrancelha e Micropigmentação,"
Av. Nagib Farah Maluf, 412 - José Bonifácio, São Paulo - SP, 08255-000",5511993148659,https://wa.me/5511993148659,salão de beleza,São Paulo,José Bonifácio,2025-10-01 12:15:21
Cantinho da Paty,"
R. de Flor em Flor, 32 - Conj. Res. José Bonifácio, São Paulo - SP, 08257-090",5511960881238,https://wa.me/5511960881238,salão de beleza,São Paulo,José Bonifácio,2025-10-01 12:15:29
Studio W.A,"
R. Virgínia Ferni, 553 - Conj. Res. José Bonifácio, São Paulo - SP, 08253-001",5511949728047,https://wa.me/5511949728047,salão de beleza,São Paulo,José Bonifácio,2025-10-01 12:15:46
VISAGE ARTE BELEZA,"
Rua Augusto Cavalcanti, 33A - Conj. Res. José Bonifácio, São Paulo - SP, 08253-110",5511982258953,https://wa.me/5511982258953,salão de beleza,São Paulo,José Bonifácio,2025-10-01 12:15:56
Espaço Alcebiades,"
Rua Augusto Cavalcanti, 213 - Conj. Res. José Bonifácio, São Paulo - SP, 08253-110",5511985276705,https://wa.me/5511985276705,salão de beleza,São Paulo,José Bonifácio,2025-10-01 12:16:04
JM Studio Beauty,"
R. Ribeirão das Furnas, 456 - Jardim Lajeado, São Paulo - SP, 08440-190",5511952411630,https://wa.me/5511952411630,salão de beleza,São Paulo,Lajeado,2025-10-01 12:33:55
Studio Aline Bueno,"
R. Guarapariba, 362 - Jardim Lajeado, São Paulo - SP, 08041-800",5511964713611,https://wa.me/5511964713611,salão de beleza,São Paulo,Lajeado,2025-10-01 12:34:04
Camila Sconce - Especialista em cachos,"
Estrada do lajeado velho 738, R. João Marchi, 1 - Lageado, São Paulo - SP, 08451-010",5511993260597,https://wa.me/5511993260597,salão de beleza,São Paulo,Lajeado,2025-10-01 12:34:18
Studio Shadow,"
R. Cel. Magalhães Mesquita - Lajeado, São Paulo - SP, 08441-130",5511994841025,https://wa.me/5511994841025,salão de beleza,São Paulo,Lajeado,2025-10-01 12:34:43
Studio Larissa Soares,"
Estrada do lajeado velho Guaianzes, São Paulo - SP, 08451-056",5511947821131,https://wa.me/5511947821131,salão de beleza,São Paulo,Lajeado,2025-10-01 12:34:51
Studio Janaina Rodrigues,"
Rua Carlo Mannelli, 33-e - Lajeado, São Paulo - SP, 08430-210",5511986492608,https://wa.me/5511986492608,salão de beleza,São Paulo,Lajeado,2025-10-01 12:35:02
Laís Araújo - Estética e Beleza,"
R. Planície dos Goitacases, 1 - Vila Iolanda(Lajeado), São Paulo - SP, 08451-110",5511989249244,https://wa.me/5511989249244,salão de beleza,São Paulo,Lajeado,2025-10-01 12:35:10
Studio Marcela Ivanouskas,"
Estr. do Lageado Velho - Jardim Lajeado, São Paulo - SP, 08451-000",5511945254932,https://wa.me/5511945254932,salão de beleza,São Paulo,Lajeado,2025-10-01 12:35:18
Studio josy lyma,"
R. Ribeirão das Furnas, 285 - Jardim Lajeado, São Paulo - SP, 08441-190",5511953384990,https://wa.me/5511953384990,salão de beleza,São Paulo,Lajeado,2025-10-01 12:35:25
Andreia hair Studio,"
R. Fábio Ursillo - Lajeado, São Paulo - SP, 08430-250",5511989486641,https://wa.me/5511989486641,salão de beleza,São Paulo,Lajeado,2025-10-01 12:35:31
Espaço Cuide-se,"
R. Dom José Antônio do Couto, 55A - Lajeado, São Paulo - SP, 08452-270",5511942176620,https://wa.me/5511942176620,salão de beleza,São Paulo,Lajeado,2025-10-01 12:36:08
Studio moda e beleza,"
Rua Dr. José Gravonski - Jardim Lajeado, São Paulo - SP, 08441-085",5511930424619,https://wa.me/5511930424619,salão de beleza,São Paulo,Lajeado,2025-10-01 12:36:28
Studio Kin,"
Via de Pedestre Frederico Passy, 10 - Vila Iolanda(Lajeado), São Paulo - SP, 08451-040",5511947823087,https://wa.me/5511947823087,salão de beleza,São Paulo,Lajeado,2025-10-01 12:36:35
Altas Horas Barbearia,"
Rua Homero de Sousa Campos, 121 - Lajeado, São Paulo - SP, 08452-280",5511981803028,https://wa.me/5511981803028,salão de beleza,São Paulo,Lajeado,2025-10-01 12:37:14
Studio Rebeca Araujo,"
Francisco Bucarelli, 402 - Lajeado, São Paulo - SP, 08431-480",5511954556175,https://wa.me/5511954556175,salão de beleza,São Paulo,Lajeado,2025-10-01 12:37:30
Kauane Gabriele Nail Designer,"
Rua Marinho Arcanjo dos Santos, 550 - Lajeado, São Paulo - SP, 08430-025",5511973481721,https://wa.me/5511973481721,salão de beleza,São Paulo,Lajeado,2025-10-01 12:37:38
Angélica Nascimento | Nail Designer,"
Francisco Bucarelli, 298 - Lajeado, São Paulo - SP, 08431-480",5511948709097,https://wa.me/5511948709097,salão de beleza,São Paulo,Lajeado,2025-10-01 12:37:46
Brenda Albuquerque Makeup,"
R. Catu, 43 - Lajeado, São Paulo - SP, 08440-330",5511982507739,https://wa.me/5511982507739,salão de beleza,São Paulo,Lajeado,2025-10-01 12:37:53
Thais Ribeiro,"
R. Jorge de Mendonça - Lajeado, São Paulo - SP, 08430-490",5511963551385,https://wa.me/5511963551385,salão de beleza,São Paulo,Lajeado,2025-10-01 12:38:48
Silvana Haair,"
Rua José Florêncio Gomes N° 88A - Lajeado, São Paulo - SP, 08430-350",5511953885456,https://wa.me/5511953885456,salão de beleza,São Paulo,Lajeado,2025-10-01 12:38:54
Eveh_desingner,"
R. Francisco Fernandes Frazão, 4 - Lajeado, São Paulo - SP, 08452-180",5511958418182,https://wa.me/5511958418182,salão de beleza,São Paulo,Lajeado,2025-10-01 12:39:43
Karolayne santos,"
R. Catu, 43 - Lajeado, São Paulo - SP, 08440-330",5511952683589,https://wa.me/5511952683589,salão de beleza,São Paulo,Lajeado,2025-10-01 12:39:59
Sabrinna Bezerra Beauty,"
R. Cabral de Ataíde, 792 - Vila Iolanda(Lajeado), São Paulo - SP, 08451-120",5511983370411,https://wa.me/5511983370411,salão de beleza,São Paulo,Lajeado,2025-10-01 12:40:27
Sâmela Capillus,"
Rua Dr. José Gravonski, 1006 - Jardim Lajeado, São Paulo - SP, 08441-000",5511944286544,https://wa.me/5511944286544,salão de beleza,São Paulo,Lajeado,2025-10-01 12:41:08
styllus beleza,"
R. Geovante, 40 - Lajeado, São Paulo - SP, 08450-100",5511970167167,https://wa.me/5511970167167,salão de beleza,São Paulo,Lajeado,2025-10-01 12:41:18
Studio Valéria araujo,"
Rua Manuel Soares Madureira - Lajeado, São Paulo - SP, 08431-790",5511981202338,https://wa.me/5511981202338,salão de beleza,São Paulo,Lajeado,2025-10-01 12:41:30
Studio 321 Mooca cabelo e estética - Salão de Beleza,"
R. Visc. de Inhomerim, 321 - Mooca, São Paulo - SP, 03120-000",551126011140,https://wa.me/551126011140,salão de beleza,São Paulo,Mooca,2025-10-01 14:14:50
Studio Ana Barros Beauty Academy | Salão de Beleza Mooca | Nail Designer | Manicure | Estética,"
R. da Mooca, 2510 - Sala 01 - Mooca, São Paulo - SP, 03104-002",551123663964,https://wa.me/551123663964,salão de beleza,São Paulo,Mooca,2025-10-01 14:15:05
Atitude Beleza e Cia,"
R. Conselheiro João Alfredo, 349 - Mooca, São Paulo - SP, 03106-060",5511942769510,https://wa.me/5511942769510,salão de beleza,São Paulo,Mooca,2025-10-01 14:15:13
M.Sa Hair,"
Praça Visc. de Sousa Fontes, 238 - Parque da Mooca, São Paulo - SP, 03127-010",5511948670299,https://wa.me/5511948670299,salão de beleza,São Paulo,Mooca,2025-10-01 14:15:23
SANTO SALONE,"
Av. Paes de Barros, 1125 - Alto da Mooca, São Paulo - SP, 03115-020",551126018222,https://wa.me/551126018222,salão de beleza,São Paulo,Mooca,2025-10-01 14:15:30
Lumi Concept - Salão de Beleza Mooca,"
Av. Cassandoca, 103 - Mooca, São Paulo - SP, 03169-010",5511995868595,https://wa.me/5511995868595,salão de beleza,São Paulo,Mooca,2025-10-01 14:15:38
Studio E cabelereiros Mooca - São Paulo há mais 5 anos no mercado,"
R. da Mooca, 3154 - Mooca, São Paulo - SP, 03165-000",5511948917603,https://wa.me/5511948917603,salão de beleza,São Paulo,Mooca,2025-10-01 14:16:02
Jacques Janine Mooca,"
Av. Paes de Barros, 1156 - Parque da Mooca, São Paulo - SP, 03122-030",551126061124,https://wa.me/551126061124,salão de beleza,São Paulo,Mooca,2025-10-01 14:16:10
Via Voga Cabeleireiros,"
R. Piracanjuba, 14 - Mooca, São Paulo - SP, 03166-010",5511994381876,https://wa.me/5511994381876,salão de beleza,São Paulo,Mooca,2025-10-01 14:16:20
Camarim 509 Mooca Salão de Beleza,"
R. do Oratório, 509 - Alto da Mooca, São Paulo - SP, 03116-000",5511977416963,https://wa.me/5511977416963,salão de beleza,São Paulo,Mooca,2025-10-01 14:16:29
La Rosa Studio Mooca,"
R. Sapucaia, 389 - Água Rasa, São Paulo - SP, 03170-050",5511995514465,https://wa.me/5511995514465,salão de beleza,São Paulo,Mooca,2025-10-01 14:16:38
Studio Cleber Aprijo,"
R. do Oratório, 2265 - Alto da Mooca, São Paulo - SP, 03195-100",551120218934,https://wa.me/551120218934,salão de beleza,São Paulo,Mooca,2025-10-01 14:16:48
Beauty C Studio,"
R. Alm. Brasil, 282 - Mooca, São Paulo - SP, 03164-120",5511997229542,https://wa.me/5511997229542,salão de beleza,São Paulo,Mooca,2025-10-01 14:16:57
Studio Bel,"
R. Visc. de Inhomerim, 855 - Mooca, São Paulo - SP, 03120-001",551126057696,https://wa.me/551126057696,salão de beleza,São Paulo,Mooca,2025-10-01 14:17:22
Sara Cabeleireira - Salão de Beleza em São Paulo,"
R. da Mooca, 2020 - Mooca, São Paulo - SP, 03104-000",551126940832,https://wa.me/551126940832,salão de beleza,São Paulo,Mooca,2025-10-01 14:17:29
Studio Jonas Bertos - Serviços de depilação masculina Mooca São Paulo,"
R. Iolanda, 85 - Sala 1 - Mooca, São Paulo - SP, 03112-100",5511960421597,https://wa.me/5511960421597,salão de beleza,São Paulo,Mooca,2025-10-01 14:17:36
Casa Bossa Salon,"
R. Leme da Silva, 343 - Alto da Mooca, São Paulo - SP, 03182-030",5511998696319,https://wa.me/5511998696319,salão de beleza,São Paulo,Mooca,2025-10-01 14:17:45
Hair Company Cabeleireiros,"
R. Tobias Barreto, 41 - Alto da Mooca, São Paulo - SP, 03176-000",551126016413,https://wa.me/551126016413,salão de beleza,São Paulo,Mooca,2025-10-01 14:17:53
Espaço loft salon,"
R. Fernando Falcão, 1086 - Mooca, São Paulo - SP, 03180-002",551134762765,https://wa.me/551134762765,salão de beleza,São Paulo,Mooca,2025-10-01 14:18:02
Joy Concept Mooca,"
R. São Nicásio, 432 - Alto da Mooca, São Paulo - SP, 03128-050",5511969706275,https://wa.me/5511969706275,salão de beleza,São Paulo,Mooca,2025-10-01 14:18:28
Espaço Gaia,"
Av. Cassandoca, 125 - loja 08 - Mooca, São Paulo - SP, 03169-010",5511991671793,https://wa.me/5511991671793,salão de beleza,São Paulo,Mooca,2025-10-01 14:18:34
Studio Kelly - O Seu Salão de Beleza Unissex,"
Av. Paes de Barros, 2659 - Parque da Mooca, São Paulo - SP, 03114-001",551120622516,https://wa.me/551120622516,salão de beleza,São Paulo,Mooca,2025-10-01 14:18:40
Leticia Muniz Beauty Studio,"
Rua Celso de Azevedo Marques, 423 - Loja 12 - Mooca, São Paulo - SP, 03122-010",5511971746404,https://wa.me/5511971746404,salão de beleza,São Paulo,Mooca,2025-10-01 14:18:48
Fast Escova Mooca Juventus - Salão de beleza sem hora marcada,"
Rua Juventus, 671 - Mooca, São Paulo - SP, 03124-020",5511934211122,https://wa.me/5511934211122,salão de beleza,São Paulo,Mooca,2025-10-01 14:19:07
Vann Beauté,"
Rua Fernando falcão , 153, Mooca - Alto da Mooca, São Paulo - SP, 03180-001",5511917349017,https://wa.me/5511917349017,salão de beleza,São Paulo,Mooca,2025-10-01 14:19:16
La Derani Concept,"
Rua Javari, 376 - Mooca, São Paulo - SP, 03112-100",551126183326,https://wa.me/551126183326,salão de beleza,São Paulo,Mooca,2025-10-01 14:19:25
Dany Hair,"
Rua San Gennaro, 30 - Mooca, São Paulo - SP, 03106-020",5511979830185,https://wa.me/5511979830185,salão de beleza,São Paulo,Mooca,2025-10-01 14:19:33
Turquesa Esmalteria Parque Da Mooca,"
Praça Visc. de Sousa Fontes, 360 - Parque da Mooca, São Paulo - SP, 03127-010",551129253713,https://wa.me/551129253713,salão de beleza,São Paulo,Mooca,2025-10-01 14:19:42
Studio Renovare,"
R. do Oratório, 787 - Mooca, São Paulo - SP, 03115-020",551123620003,https://wa.me/551123620003,salão de beleza,São Paulo,Mooca,2025-10-01 14:19:49
Thata's Fashion Hair,"
Rua Juventus, 842 - Parque da Mooca, São Paulo - SP, 03124-020",5511940230556,https://wa.me/5511940230556,salão de beleza,São Paulo,Mooca,2025-10-01 14:20:13
Espacio Elegancia - Salão de Beleza e Mega Hair,"
Av. Paes de Barros, 1711 - Parque da Mooca, São Paulo - SP, 03115-001",5511916334875,https://wa.me/5511916334875,salão de beleza,São Paulo,Mooca,2025-10-01 14:20:23
Pâmela Lopes Studio | Salão de Beleza na Mooca,"
Av. Paes de Barros, 1256 - Loja 1 - Mooca, São Paulo - SP, 03114-000",5511981575119,https://wa.me/5511981575119,salão de beleza,São Paulo,Mooca,2025-10-01 14:20:30
Emunah Centro da Beleza - Mooca,"
R. Tamarataca, 317 - Mooca, São Paulo - SP, 03119-010",5511965889468,https://wa.me/5511965889468,salão de beleza,São Paulo,Mooca,2025-10-01 14:20:40
Sumie Hair,"
Rua Juventus, 531 - Parque da Mooca, São Paulo - SP, 03124-020",5511974058586,https://wa.me/5511974058586,salão de beleza,São Paulo,Mooca,2025-10-01 14:20:48
Estudio K,"
Rua Siqueira Bueno, 2095 - Parque da Mooca, São Paulo - SP, 03173-010",551126014882,https://wa.me/551126014882,salão de beleza,São Paulo,Mooca,2025-10-01 14:20:57
Espaço Nude,"
Rua Emboaçava, 164 - Parque da Mooca, São Paulo - SP, 03124-020",551141149080,https://wa.me/551141149080,salão de beleza,São Paulo,Mooca,2025-10-01 14:21:19
Angela Beauty Salon,"
R. Pascoal Moreira, 26 - Alto da Mooca, São Paulo - SP, 03182-050",5511983981534,https://wa.me/5511983981534,salão de beleza,São Paulo,Mooca,2025-10-01 14:21:27
W7 Concept Salão de Beleza,"
R. do Oratório, 1465 - Mooca, São Paulo - SP, 03117-000",5511953712857,https://wa.me/5511953712857,salão de beleza,São Paulo,Mooca,2025-10-01 14:21:34
Família Silva Cabelo e Estética,"
Av. Paes de Barros, 113 - Mooca, São Paulo - SP, 03115-020",551126013039,https://wa.me/551126013039,salão de beleza,São Paulo,Mooca,2025-10-01 14:21:41
Espaço Seven,"
Rua Guaimbé, 133 - Mooca, São Paulo - SP, 03118-030",551126075006,https://wa.me/551126075006,salão de beleza,São Paulo,Mooca,2025-10-01 14:21:49
Clube Da Beleza,"
R. da Mooca, 4709 - Alto da Mooca, São Paulo - SP, 03165-003",551126043043,https://wa.me/551126043043,salão de beleza,São Paulo,Mooca,2025-10-01 14:21:56
La Mariée Concept,"
Rua Comendador Roberto Ugolini, 430 - Parque da Mooca, São Paulo - SP, 03125-010",5511990126283,https://wa.me/5511990126283,salão de beleza,São Paulo,Mooca,2025-10-01 14:22:05
Cilios da Nay - Extensão de Cílios/ Micropigmentação/ Zona Leste | Mooca,"
Rua Juventus, 571 - Parque da Mooca, São Paulo - SP, 03124-021",551120614093,https://wa.me/551120614093,salão de beleza,São Paulo,Mooca,2025-10-01 14:22:25
Bello Capelli Mooca - Beleza e Bem estar,"
Rua Emboaçava, 211 - Parque da Mooca, São Paulo - SP, 03124-010",5511980466564,https://wa.me/5511980466564,salão de beleza,São Paulo,Mooca,2025-10-01 14:22:33
Keren Resino Beauty Design,"
R. Des. Paulo Costa, 85 - Parque da Mooca, São Paulo - SP, 03122-040",5511971233313,https://wa.me/5511971233313,salão de beleza,São Paulo,Mooca,2025-10-01 14:22:40
Aura Beleza & Estética,"
Rua Javari, 560 - Mooca, São Paulo - SP, 03112-100",5511945425785,https://wa.me/5511945425785,salão de beleza,São Paulo,Mooca,2025-10-01 14:22:46
Tonale Bella,"
R. Valentim Magalhães, 13 - Alto da Mooca, São Paulo - SP, 03184-090",551135646886,https://wa.me/551135646886,salão de beleza,São Paulo,Mooca,2025-10-01 14:22:55
Unhas Cílios Limpeza de Pele na Mooca - Espaço BK Almeida,"
R. Visc. de Inhomerim, 212 - Sala 02 - Mooca, São Paulo - SP, 03120-000",5511945788850,https://wa.me/5511945788850,salão de beleza,São Paulo,Mooca,2025-10-01 14:23:01
Gabsbeauty - Beleza Facial l Sobrancelhas e Cílios,"
R. do Oratório, 789 - loja 4 - Alto da Mooca, São Paulo - SP, 03116-000",5511970771957,https://wa.me/5511970771957,salão de beleza,São Paulo,Mooca,2025-10-01 14:23:11
IBVM Cabeleireiro,"
R. do Oratório, 57 - Mooca, São Paulo - SP, 03117-000",551126051275,https://wa.me/551126051275,salão de beleza,São Paulo,Mooca,2025-10-01 14:23:34
Arabella Salão de Beleza e Estética | Hair Blond | Cronograma Capilar | Massagem Relaxante,"
R. dos Capitães Mores, 51 - Mooca, São Paulo - SP, 03167-030",5511937196054,https://wa.me/5511937196054,salão de beleza,São Paulo,Mooca,2025-10-01 14:23:44
"Gal, Salão Veneza","
R. da Mooca, 4986 - Vila Bertioga, São Paulo - SP, 03165-002",5511989854722,https://wa.me/5511989854722,salão de beleza,São Paulo,Mooca,2025-10-01 14:23:52
Dal Cabeleireiros,"
Rua Javari, 378 - Mooca, São Paulo - SP, 03112-100",551126924484,https://wa.me/551126924484,salão de beleza,São Paulo,Mooca,2025-10-01 14:23:59
Fast Escova Mooca Tobias Barreto - Salão de beleza sem hora marcada,"
R. Tobias Barreto, 812 - Mooca, São Paulo - SP, 03176-000",5511911044041,https://wa.me/5511911044041,salão de beleza,São Paulo,Mooca,2025-10-01 14:24:06
Cléo Salão de Beleza na Mooca | Cabeleireira | Manicure | Depilação,"
Rua Hipódromo, 1686 - Mooca, São Paulo - SP, 03162-020",5511971123951,https://wa.me/5511971123951,salão de beleza,São Paulo,Mooca,2025-10-01 14:24:15
Dondoocas da Mooca,"
R. Visc. de Laguna, 151 - Mooca, São Paulo - SP, 03112-110",5511937079512,https://wa.me/5511937079512,salão de beleza,São Paulo,Mooca,2025-10-01 14:24:44
Caio Thômas- Studio & casa,"
R. Rui Martins, 438 - Alto da Mooca, São Paulo - SP, 03184-010",5511999442118,https://wa.me/5511999442118,salão de beleza,São Paulo,Mooca,2025-10-01 14:24:53
JL Studio SP,"
R. Ourinhos, 353 - Casa 05 - Mooca, São Paulo - SP, 03186-040",5511986069557,https://wa.me/5511986069557,salão de beleza,São Paulo,Mooca,2025-10-01 14:25:00
Ben Star - Salão de Beleza,"
Rua Celso de Azevedo Marques, 204 - Parque da Mooca, São Paulo - SP, 03122-010",5511937324455,https://wa.me/5511937324455,salão de beleza,São Paulo,Mooca,2025-10-01 14:25:07
Studio Miss,"
R. Fernando Falcão, 1212 - Mooca, São Paulo - SP, 03180-002",5511919447633,https://wa.me/5511919447633,salão de beleza,São Paulo,Mooca,2025-10-01 14:25:15
Ballester Hair e Estética,"
R. do Oratório, 1572 - Mooca, São Paulo - SP, 03180-003",551129669692,https://wa.me/551129669692,salão de beleza,São Paulo,Mooca,2025-10-01 14:25:23
Studio de Beleza Rosa de Saron,"
R. Camomil, 25 - Pari, São Paulo - SP, 03032-010",5511985769392,https://wa.me/5511985769392,salão de beleza,São Paulo,Pari,2025-10-01 14:29:29
Ricardo Ganzarolli Cabeleireiro,"
R. Mendes Júnior, 798 - Pari, São Paulo - SP, 03013-030",551132277220,https://wa.me/551132277220,salão de beleza,São Paulo,Pari,2025-10-01 14:29:39
Nei Cabeleireiros,"
Rua Paulo Andrighetti, 465 - Alto do Pari, São Paulo - SP, 03022-000",5511970372727,https://wa.me/5511970372727,salão de beleza,São Paulo,Pari,2025-10-01 14:29:55
Ingrid Almeida Beauty - Cílios e Sobrancelhas,"
R. Cel. Emídio Piedade, 617 - Pari, São Paulo - SP, 03018-010",5511912749111,https://wa.me/5511912749111,salão de beleza,São Paulo,Pari,2025-10-01 14:30:11
Divas Sendo Divas,"
R. Cel. Emídio Piedade, 617 - Pari, São Paulo - SP, 03018-010",5511986190596,https://wa.me/5511986190596,salão de beleza,São Paulo,Pari,2025-10-01 14:30:18
Studio Ângela Andrade,"
R. Siqueira Afonso, 177 - Pari, São Paulo - SP, 03028-040",5511955596965,https://wa.me/5511955596965,salão de beleza,São Paulo,Pari,2025-10-01 14:30:46
Tiana Cabeleireiro,"
R. Santa Rita, 282 - Pari, São Paulo - SP, 03026-030",551126987475,https://wa.me/551126987475,salão de beleza,São Paulo,Pari,2025-10-01 14:30:55
Bertolle HAIR,"
R. Piaçaguera, 37 - Pari, São Paulo - SP, 03035-080",551129356788,https://wa.me/551129356788,salão de beleza,São Paulo,Pari,2025-10-01 14:31:03
Studio Flavia Beauty,"
R. Aguaçaí, 70 - Pari, São Paulo - SP, 03035-090",5511952031075,https://wa.me/5511952031075,salão de beleza,São Paulo,Pari,2025-10-01 14:31:11
FABRICIA VIANA STUDIO,"
Av. Carlos de Campos, 156 - sala 34 - Pari, São Paulo - SP, 03028-000",5511919076662,https://wa.me/5511919076662,salão de beleza,São Paulo,Pari,2025-10-01 14:31:21
Spaço Beleza Vita,"
R. Rodrigues dos Santos, 700 - Pari, São Paulo - SP, 03009-000",551132298345,https://wa.me/551132298345,salão de beleza,São Paulo,Pari,2025-10-01 14:31:29
Livconcept,"
Rua Sousa Caldas, 188 - Pari, São Paulo - SP, 03026-030",5511986728418,https://wa.me/5511986728418,salão de beleza,São Paulo,Pari,2025-10-01 14:31:37
studioA,"
R. Silva Teles - Pari, São Paulo - SP, 03026-001",5511959125873,https://wa.me/5511959125873,salão de beleza,São Paulo,Pari,2025-10-01 14:32:00
Miss Hollywood,"
Av. Carlos de Campos, 85 - Pari, São Paulo - SP, 03028-001",551128519078,https://wa.me/551128519078,salão de beleza,São Paulo,Pari,2025-10-01 14:32:10
ShallonHair Flavio Masckarelle Cabeleireiro e Micropigmentador,"
R. Rio Bonito, 1070 - Pari, São Paulo - SP, 03023-000",5511983067877,https://wa.me/5511983067877,salão de beleza,São Paulo,Pari,2025-10-01 14:32:17
Salão de beleza espaço miriam marques,"
R. Santa Rita, 1003 - Alto do Pari, São Paulo - SP, 03026-030",5511970221254,https://wa.me/5511970221254,salão de beleza,São Paulo,Pari,2025-10-01 14:32:25
"Sollopes Estetica, Limpeza de pele personalizada, Drenagem Linfática, Pré e Pós cirúrgico, Pré e Pós parto, emagrecimento","
R. Santa Rita, 172 - Pari, São Paulo - SP, 03026-030",5511911449454,https://wa.me/5511911449454,salão de beleza,São Paulo,Pari,2025-10-01 14:32:32
Nalva Beauty,"
R. Cachoeira, 1570 - Pari, São Paulo - SP, 03024-000",5511983937185,https://wa.me/5511983937185,salão de beleza,São Paulo,Pari,2025-10-01 14:32:38
Suelen reis sobrancelhas,"
R. Dr. Pacheco e Silva, 58 - Pari, São Paulo - SP, 03029-010",5511991036386,https://wa.me/5511991036386,salão de beleza,São Paulo,Pari,2025-10-01 14:34:12
NI,"
Av. Bom Jardim, 285 - Pari, São Paulo - SP, 03035-000",551120814898,https://wa.me/551120814898,salão de beleza,São Paulo,Pari,2025-10-01 14:35:09
Bessa Nail,"
R. Siqueira Afonso, 177 - Pari, São Paulo - SP, 03028-040",5511959823072,https://wa.me/5511959823072,salão de beleza,São Paulo,Pari,2025-10-01 14:39:58
Amor Beleza e Cor,"
R. Paschoalina Roque Giusti, 69 - Parque do Carmo, São Paulo - SP, 08270-465",5511947356582,https://wa.me/5511947356582,salão de beleza,São Paulo,Parque do Carmo,2025-10-02 09:08:00
"Brenda Cílios e Sobrancelhas Design com henna, maquiagem profissional e perfumaria","
Av. Maria Luiza Americano, 701 - Parque do Carmo, São Paulo - SP, 08275-001",5511967169832,https://wa.me/5511967169832,salão de beleza,São Paulo,Parque do Carmo,2025-10-02 09:10:11
Graciele Barreto Esmalteria,"
R. Paschoalina Roque Giusti, 69 - Parque do Carmo, São Paulo - SP, 08270-465",5511947356582,https://wa.me/5511947356582,salão de beleza,São Paulo,Parque do Carmo,2025-10-02 09:11:37
Débora Cosméticos,"
Av. Afonso de Sampaio e Sousa, 159 - Parque do Carmo, São Paulo - SP, 08270-000",5511967488223,https://wa.me/5511967488223,salão de beleza,São Paulo,Parque do Carmo,2025-10-02 09:13:00
Mihnaildesigner,"
R. José Dias Velho - Parque do Carmo, São Paulo - SP, 08275-460",5511959658519,https://wa.me/5511959658519,salão de beleza,São Paulo,Parque do Carmo,2025-10-02 09:14:45
Gaby Marçal Maquiagem e Penteado à Domicílio,"
Av. Adriano Bertozzi, 908 - Parque do Carmo, São Paulo - SP, 08265-000",5513981267873,https://wa.me/5513981267873,salão de beleza,São Paulo,Parque do Carmo,2025-10-02 09:15:08
Bia Cimino Nail Designer,"
Av. Maria Luiza Americano - Parque do Carmo, São Paulo - SP, 08275-001",5511941321975,https://wa.me/5511941321975,salão de beleza,São Paulo,Parque do Carmo,2025-10-02 09:15:49
Donna Espaço de Beleza,"
Av. do Oratório, 2438 - Sala 1 - Parque São Lucas, São Paulo - SP, 03220-100",5511977539042,https://wa.me/5511977539042,salão de beleza,São Paulo,Parque São Lucas,2025-10-02 09:57:52
Central Hair | Central de Cabeleireiros,"
Av. do Oratório, 3109 - Parque São Lucas, São Paulo - SP, 03221-100",5511965539778,https://wa.me/5511965539778,salão de beleza,São Paulo,Parque São Lucas,2025-10-02 09:58:01
Johnny Olly Hair,"
Av. do Oratório, 2189 - Parque São Lucas, São Paulo - SP, 03221-100",5511989543151,https://wa.me/5511989543151,salão de beleza,São Paulo,Parque São Lucas,2025-10-02 09:58:08
Serena Beauty Space,"
R. Eng. Francisco Bicalho, 176 - Parque São Lucas, São Paulo - SP, 03239-120",5511930821544,https://wa.me/5511930821544,salão de beleza,São Paulo,Parque São Lucas,2025-10-02 09:58:18
Studio Ferreira,"
Av. do Oratório, 2467 - Parque São Lucas, São Paulo - SP, 03261-040",5511953722525,https://wa.me/5511953722525,salão de beleza,São Paulo,Parque São Lucas,2025-10-02 09:58:27
Luana Beauty Expert,"
Av. do Oratório, 2438 - Parque São Lucas, São Paulo - SP, 03220-100",5511964314495,https://wa.me/5511964314495,salão de beleza,São Paulo,Parque São Lucas,2025-10-02 09:58:36
Studio Ivio Gomes,"
Av. do Oratório, 2516 - Parque São Lucas, São Paulo - SP, 03220-100",5511951484876,https://wa.me/5511951484876,salão de beleza,São Paulo,Parque São Lucas,2025-10-02 09:58:42
Saulu's Cabelo & Estética,"
R. Ielmo Marinho, 519 - Parque São Lucas, São Paulo - SP, 03236-030",5511930355614,https://wa.me/5511930355614,salão de beleza,São Paulo,Parque São Lucas,2025-10-02 09:59:05
Estética Studio Butterfly No pq são lucas drenagem linfática - limpeza de pele -criolupolise,"
Rua: Francisco fett, 519 - sala 4 - Parque São Lucas, São Paulo - SP, 03264-000",5511953567533,https://wa.me/5511953567533,salão de beleza,São Paulo,Parque São Lucas,2025-10-02 09:59:14
Espaço Bella Madame,"
Av. do Oratório, 1766 - São Lucas - Parque São Lucas, São Paulo - SP, 03220-000",5511999096737,https://wa.me/5511999096737,salão de beleza,São Paulo,Parque São Lucas,2025-10-02 09:59:22
Roseli Fashion Hair,"
Av. do Oratório, 2856 - Parque São Lucas, São Paulo - SP, 03220-200",551135397677,https://wa.me/551135397677,salão de beleza,São Paulo,Parque São Lucas,2025-10-02 09:59:32
Studio Thaís Gonçalves,"
Av. do Oratório, 2690 - sala 04 - Parque São Lucas, São Paulo - SP, 03220-100",5511986276146,https://wa.me/5511986276146,salão de beleza,São Paulo,Parque São Lucas,2025-10-02 09:59:43
Ju Borim Studio,"
Av. São Lucas, 131 - sala 3 - Parque São Lucas, São Paulo - SP, 03239-000",5511975438987,https://wa.me/5511975438987,salão de beleza,São Paulo,Parque São Lucas,2025-10-02 09:59:52
Studio MP🌹,"
R. Roberto Lopes, 75 - Parque São Lucas, São Paulo - SP, 03263-110",5511957506114,https://wa.me/5511957506114,salão de beleza,São Paulo,Parque São Lucas,2025-10-02 10:00:01
Espaço Us Concept,"
Av. São Lucas, 60 - Parque São Lucas, São Paulo - SP, 03239-000",5511956884325,https://wa.me/5511956884325,salão de beleza,São Paulo,Parque São Lucas,2025-10-02 10:00:28
Beauty by Taís Delaqua,"
Av. do Oratório, 2366 - Sala 8 - Parque São Lucas, São Paulo - SP, 03220-100",5511919197879,https://wa.me/5511919197879,salão de beleza,São Paulo,Parque São Lucas,2025-10-02 10:00:35
Dra. Carla Carvalho Estética,"
Rua Francisco Fett, 441 - sala 1 - Parque São Lucas, São Paulo - SP, 03264-000",5511976526464,https://wa.me/5511976526464,salão de beleza,São Paulo,Parque São Lucas,2025-10-02 10:00:43
Espaço vip,"
Av. do Oratório, 2203 - Parque São Lucas, São Paulo - SP, 03221-100",5511940354868,https://wa.me/5511940354868,salão de beleza,São Paulo,Parque São Lucas,2025-10-02 10:00:51
Phyllis Salão de Beleza,"
Av. São Lucas, 131 - Parque São Lucas, São Paulo - SP, 03239-000",5511973687200,https://wa.me/5511973687200,salão de beleza,São Paulo,Parque São Lucas,2025-10-02 10:01:00
Extensão de cílios,"
Av. do Oratório, 1829 - Parque São Lucas, São Paulo - SP, 03221-000",5511972551098,https://wa.me/5511972551098,salão de beleza,São Paulo,Parque São Lucas,2025-10-02 10:01:11
Studio Bárbara Medina,"
R. São Caio - Parque São Lucas, São Paulo - SP, 03238-020",5511976688602,https://wa.me/5511976688602,salão de beleza,São Paulo,Parque São Lucas,2025-10-02 10:01:35
União Cabeleireiro,"
Av. do Oratório, 3464 - Parque São Lucas, São Paulo - SP, 03220-200",551129160274,https://wa.me/551129160274,salão de beleza,São Paulo,Parque São Lucas,2025-10-02 10:01:44
Studio Nicole Martucci,"
Rua Francisco Fett, 441 - Parque São Lucas, São Paulo - SP, 03264-000",5511944484994,https://wa.me/5511944484994,salão de beleza,São Paulo,Parque São Lucas,2025-10-02 10:01:50
Esmalteria Nathaly Camilo,"
R. Tibaú do Sul, 28 - Parque São Lucas, São Paulo - SP, 03243-070",5511971564851,https://wa.me/5511971564851,salão de beleza,São Paulo,Parque São Lucas,2025-10-02 10:01:59
Con Estética depilação,"
Av. do Oratório, 2366 - sala 3 - Parque São Lucas, São Paulo - SP, 03220-100",5511971198290,https://wa.me/5511971198290,salão de beleza,São Paulo,Parque São Lucas,2025-10-02 10:02:06
Hélio Souza Saúde Capilar,"
R. Lotus, 171 - Parque São Lucas, São Paulo - SP, 03265-000",5511986912082,https://wa.me/5511986912082,salão de beleza,São Paulo,Parque São Lucas,2025-10-02 10:02:25
Salao Winx,"
R. Dr. Laurindo Minhoto, 175 - Parque São Lucas, São Paulo - SP, 03240-060",5511932802084,https://wa.me/5511932802084,salão de beleza,São Paulo,Parque São Lucas,2025-10-02 10:02:33
Studio P Salão de Beleza,"
R. João Gregório Lemos, 23 - Parque São Lucas, São Paulo - SP, 03266-200",551125388179,https://wa.me/551125388179,salão de beleza,São Paulo,Parque São Lucas,2025-10-02 10:02:40
Studio Horém | Extensão de Cílios | Designer de Sobrancelhas,"
Parque São Lucas, São Paulo - SP, 03242",5511979504055,https://wa.me/5511979504055,salão de beleza,São Paulo,Parque São Lucas,2025-10-02 10:02:47
Ashant Studio,"
Av. do Oratório, 2662 - Sala 2 - Parque São Lucas, São Paulo - SP, 03220-100",5511941443084,https://wa.me/5511941443084,salão de beleza,São Paulo,Parque São Lucas,2025-10-02 10:02:54
Donzela Hair Bronze,"
R. Vitor de Queiroz Matos, 80 - Parque São Lucas, São Paulo - SP, 03263-010",5511974999660,https://wa.me/5511974999660,salão de beleza,São Paulo,Parque São Lucas,2025-10-02 10:03:03
"Sala 308, Sheila Cabeleireira","
R. Cesário dos Santos, 308 - Parque São Lucas, São Paulo - SP, 03238-000",5511987822704,https://wa.me/5511987822704,salão de beleza,São Paulo,Parque São Lucas,2025-10-02 10:03:23
Espaço Ge Nails,"
R. Luísa Damasse, 59A - Parque São Lucas, São Paulo - SP, 03263-090",5511984023756,https://wa.me/5511984023756,salão de beleza,São Paulo,Parque São Lucas,2025-10-02 10:03:40
Pri Lutti Esmalteria,"
Av. do Oratório, 3043 - sala 2 - Parque São Lucas, São Paulo - SP, 03221-200",5511975632619,https://wa.me/5511975632619,salão de beleza,São Paulo,Parque São Lucas,2025-10-02 10:03:46
Studio Good,"
Av. do Oratório, 2386 - sala 3 - Parque São Lucas, São Paulo - SP, 03220-100",5511981453803,https://wa.me/5511981453803,salão de beleza,São Paulo,Parque São Lucas,2025-10-02 10:03:55
Espaço da Beleza,"
Av. do Oratório, 2788 - Parque São Lucas, São Paulo - SP, 03220-100",551125949057,https://wa.me/551125949057,salão de beleza,São Paulo,Parque São Lucas,2025-10-02 10:04:26
Ivani Cabelo & Estética,"
Av. do Oratório, 3463 - Parque São Lucas, São Paulo - SP, 03221-200",551122112599,https://wa.me/551122112599,salão de beleza,São Paulo,Parque São Lucas,2025-10-02 10:04:35
Linda de Olhar by Jaqueline Santana,"
R. Bartolomeu Corrêa Bueno, 107 - Sala 03 - Parque São Lucas, São Paulo - SP, 03261-040",5511985408744,https://wa.me/5511985408744,salão de beleza,São Paulo,Parque São Lucas,2025-10-02 10:04:44
Letícia Damas Hair,"
Rua Otto Shubart, 51 - Parque São Lucas, São Paulo - SP, 03238-030",5511959014500,https://wa.me/5511959014500,salão de beleza,São Paulo,Parque São Lucas,2025-10-02 10:05:01
Espaço Jô Casimiro,"
Av. do Oratório, 4394 - Sala 03 - Parque São Lucas, São Paulo - SP, 03220-200",5511982155855,https://wa.me/5511982155855,salão de beleza,São Paulo,Parque São Lucas,2025-10-02 10:05:13
Blond Concept Hair,"
R. Dona Belica Barbosa Lima, 26 - Parque São Lucas, São Paulo - SP, 03264-060",5511966420997,https://wa.me/5511966420997,salão de beleza,São Paulo,Parque São Lucas,2025-10-02 10:05:37
Encanto de Maria Studio,"
Av. São Lucas, 29 - 1 andar - Parque São Lucas, São Paulo - SP, 03239-000",5511970843208,https://wa.me/5511970843208,salão de beleza,São Paulo,Parque São Lucas,2025-10-02 10:05:53
Design de sobrancelhas,"
Av. do Oratório, 1829 - Parque São Lucas, São Paulo - SP, 03221-000",5511982423008,https://wa.me/5511982423008,salão de beleza,São Paulo,Parque São Lucas,2025-10-02 10:05:59
Studio A,"
Av. São Lucas, 23 - Parque São Lucas, São Paulo - SP, 03239-000",5511953567533,https://wa.me/5511953567533,salão de beleza,São Paulo,Parque São Lucas,2025-10-02 10:06:07
By Beauty | Cílios e Sobrancelhas,"
Av. do Oratório, 2490a - Parque São Lucas, São Paulo - SP, 03220-000",5511991225207,https://wa.me/5511991225207,salão de beleza,São Paulo,Parque São Lucas,2025-10-02 10:06:16
STUDIO MORYSS,"
R. Gen. Francisco Adolfo Rosas, 137a - Parque São Lucas, São Paulo - SP, 03242-020",5511985906822,https://wa.me/5511985906822,salão de beleza,São Paulo,Parque São Lucas,2025-10-02 10:06:39
JONAS BARROS | Esteticista e Remoção a Laser,"
Av. do Oratório, 3043 - Sala 06 - Parque São Lucas, São Paulo - SP, 03243-000",5511951219841,https://wa.me/5511951219841,salão de beleza,São Paulo,Parque São Lucas,2025-10-02 10:06:49
Dillas Beauty,"
Av. do Oratório, 2113 - Parque São Lucas, São Paulo - SP, 03221-100",5511970422462,https://wa.me/5511970422462,salão de beleza,São Paulo,Parque São Lucas,2025-10-02 10:07:02
Paulinho Cabeleireiros,"
Av. do Oratório, 2919 - Parque São Lucas, São Paulo - SP, 03221-100",551134164548,https://wa.me/551134164548,salão de beleza,São Paulo,Parque São Lucas,2025-10-02 10:07:11
HA Design Cabelo e Estética,"
Av. do Oratório, 2662 - Parque São Lucas, São Paulo - SP, 03220-100",5511982775445,https://wa.me/5511982775445,salão de beleza,São Paulo,Parque São Lucas,2025-10-02 10:07:20
Driéle Souza - Cílios e Sobrancelhas,"
Av. São Lucas, 29 - sala 4 - Parque São Lucas, São Paulo - SP, 03239-000",5511975824422,https://wa.me/5511975824422,salão de beleza,São Paulo,Parque São Lucas,2025-10-02 10:07:48
Studio Fenólio,"
Av. do Oratório, 2135 - Parque São Lucas, São Paulo - SP, 03221-100",5511989526386,https://wa.me/5511989526386,salão de beleza,São Paulo,Parque São Lucas,2025-10-02 10:08:06
Dona Chica Estúdio de Beleza,"
R. Felipe Lucas, 63 - Parque São Lucas, São Paulo - SP, 03239-020",5511950690280,https://wa.me/5511950690280,salão de beleza,São Paulo,Parque São Lucas,2025-10-02 10:08:19
Daiana Vieira Nails,"
R. Dr. José Cássio Soares, 306 - Parque São Lucas, São Paulo - SP, 03240-020",5511916647342,https://wa.me/5511916647342,salão de beleza,São Paulo,Parque São Lucas,2025-10-02 10:08:28
"Carla Elizabeth Beauty- Salão de beleza ,sobrancelha,depilação","
Avenida oratorio 2366 parque São Lucas - Oratorio, São Paulo - SP, 03220-100",5511987441343,https://wa.me/5511987441343,salão de beleza,São Paulo,Parque São Lucas,2025-10-02 10:08:54
Espaço Grazy,"
Av. Vila Ema, 2903 - Parque São Lucas, São Paulo - SP, 03282-000",5511976542680,https://wa.me/5511976542680,salão de beleza,São Paulo,Parque São Lucas,2025-10-02 10:09:01
Max Carvalho | Design e Estilo,"
R. Leonardo Vilas Boas, 149 - Parque São Lucas, São Paulo - SP, 03240-000",5511988290575,https://wa.me/5511988290575,salão de beleza,São Paulo,Parque São Lucas,2025-10-02 10:09:29
Esmalteria Fernanda Sousa,"
R. Dr. Arnaldo Barbosa - Parque São Lucas, São Paulo - SP, 03262-080",5511969548052,https://wa.me/5511969548052,salão de beleza,São Paulo,Parque São Lucas,2025-10-02 10:09:39
Claudia Design e Alongamento de Unhas e Alongamento de Cílios,"
R. Sirinhaém, 113 - Parque São Lucas, São Paulo - SP, 03239-140",5511940119112,https://wa.me/5511940119112,salão de beleza,São Paulo,Parque São Lucas,2025-10-02 10:09:45
Salão da Catia,"
R. Leonardo Vilas Boas, 432- B - Parque São Lucas, São Paulo - SP, 03240-000",5511995526600,https://wa.me/5511995526600,salão de beleza,São Paulo,Parque São Lucas,2025-10-02 10:10:05
StudiolashAndreia,"
Shop.Ana Franco - Av. do Oratório, 3779 - Parque São Lucas, São Paulo - SP, 03221-200",5511959810969,https://wa.me/5511959810969,salão de beleza,São Paulo,Parque São Lucas,2025-10-02 10:10:32
Eduard Mãos de Tesoura,"
R. São Caio, 219 - Parque São Lucas, São Paulo - SP, 03238-020",5511987788121,https://wa.me/5511987788121,salão de beleza,São Paulo,Parque São Lucas,2025-10-02 10:10:40
Cintia dias nail Studio,"
Rua Francisco Fett, 377 - Parque São Lucas, São Paulo - SP, 03264-000",5511974282798,https://wa.me/5511974282798,salão de beleza,São Paulo,Parque São Lucas,2025-10-02 10:11:45
Love Lash | Cílios e Micropigmentação,"
R. do Arquipélago, 209 - Parque São Lucas, São Paulo - SP, 03238-060",5511989226817,https://wa.me/5511989226817,salão de beleza,São Paulo,Parque São Lucas,2025-10-02 10:12:00
Studio Kelly Figueredo,"
Av. do Oratório, 2203 - Parque São Lucas, São Paulo - SP, 03221-100",5511963793007,https://wa.me/5511963793007,salão de beleza,São Paulo,Parque São Lucas,2025-10-02 10:12:55
Dillas Lash,"
Av. do Oratório, 2113 - Parque São Lucas, São Paulo - SP, 03221-100",5511955834096,https://wa.me/5511955834096,salão de beleza,São Paulo,Parque São Lucas,2025-10-02 10:13:02
Studio_nailsisabela,"
R. Luiz Gastão, 221 - Parque São Lucas, São Paulo - SP, 03240-030",5511978395095,https://wa.me/5511978395095,salão de beleza,São Paulo,Parque São Lucas,2025-10-02 10:13:28
Andressa Designer de Cílios,"
R. Ielmo Marinho, 796 - Parque São Lucas, São Paulo - SP, 03236-030",5511989096606,https://wa.me/5511989096606,salão de beleza,São Paulo,Parque São Lucas,2025-10-02 10:13:55
Pyttó Cabelos - Cabeleireiro Unissex na Penha,"
Av. Amador Bueno da Veiga, 455 - Penha de França, São Paulo - SP, 03610-000",551126466180,https://wa.me/551126466180,salão de beleza,São Paulo,Penha,2025-10-02 10:34:30
Stylo's Hair Prime,"
Av. Amador Bueno da Veiga, 2550 - Penha de França, São Paulo - SP, 03653-000",551127685060,https://wa.me/551127685060,salão de beleza,São Paulo,Penha,2025-10-02 10:34:39
StudioC,"
R. Dr. João Ribeiro, 211 - Penha de França, São Paulo - SP, 03634-010",551122251067,https://wa.me/551122251067,salão de beleza,São Paulo,Penha,2025-10-02 10:34:49
Studio Sapucaia Gold Salão de Beleza- Barbearia- Manicure. penha,"
R. Betari, 53 - Penha de França, São Paulo - SP, 03634-040",551123594484,https://wa.me/551123594484,salão de beleza,São Paulo,Penha,2025-10-02 10:34:57
Studio L & L Penha São paulo,"
R. Betari, 146 - Penha de França, São Paulo - SP, 03634-040",5511964552552,https://wa.me/5511964552552,salão de beleza,São Paulo,Penha,2025-10-02 10:35:03
Edson Cabeleireiros,"
Av. Amador Bueno da Veiga, 310 - Penha de França, São Paulo - SP, 03636-000",5511951938264,https://wa.me/5511951938264,salão de beleza,São Paulo,Penha,2025-10-02 10:35:11
88 Hair Style - Salão de Beleza - Penha,"
R. Itinguçu, 181 - Penha, São Paulo - SP, 03658-010",5511995490442,https://wa.me/5511995490442,salão de beleza,São Paulo,Penha,2025-10-02 10:35:17
MP Beauty Studio,"
R. Jaborandi, 50 - Penha de França, São Paulo - SP, 03610-000",5511983659374,https://wa.me/5511983659374,salão de beleza,São Paulo,Penha,2025-10-02 10:35:45
Studio RK Concept - Salão de Beleza e Estética,"
Av. Penha de França, 75 - Penha de França, São Paulo - SP, 03606-010",5511989587774,https://wa.me/5511989587774,salão de beleza,São Paulo,Penha,2025-10-02 10:35:55
Studio de beleza Kauany Russo,"
R. Irapucara, 221 - B - Penha de França, São Paulo - SP, 03633-050",5511978800756,https://wa.me/5511978800756,salão de beleza,São Paulo,Penha,2025-10-02 10:36:01
Studio Kelly Beauty - Extensão de Cílios fio a fio - Sobrancelhas - Cursos - Penha de França-SP,"
Av. Padres Olivetanos, 651 - Vila Esperança A, São Paulo - SP, 03648-000",5511987583905,https://wa.me/5511987583905,salão de beleza,São Paulo,Penha,2025-10-02 10:36:07
Studio Melonia Beleza Feminina,"
R. Otília, 115 - Penha de França, São Paulo - SP, 03649-000",5511994154475,https://wa.me/5511994154475,salão de beleza,São Paulo,Penha,2025-10-02 10:36:16
Bethânia Cabeleireira,"
R. Cap. Avelino Carneiro, 164 - Penha de França, São Paulo - SP, 03603-010",5511966892803,https://wa.me/5511966892803,salão de beleza,São Paulo,Penha,2025-10-02 10:36:24
Salão Esperança,"
R. Padre Benedito de Camargo, 419 - Penha de França, São Paulo - SP, 03604-010",551126464035,https://wa.me/551126464035,salão de beleza,São Paulo,Penha,2025-10-02 10:36:33
Fvr Studio - Salão de beleza - Penha,"
R. Carlos Meira, 16 - Penha de França, São Paulo - SP, 03605-010",5511996841007,https://wa.me/5511996841007,salão de beleza,São Paulo,Penha,2025-10-02 10:36:57
Lumê Cabelo e Estética,"
R. Padre Benedito de Camargo, 974 - Penha de França, São Paulo - SP, 08588-350",5511972403821,https://wa.me/5511972403821,salão de beleza,São Paulo,Penha,2025-10-02 10:37:06
Espaço Mulher Leda Costa - Centro de Beleza Estética,"
R. Cel. Rodovalho, 351 - Penha de França, São Paulo - SP, 03632-000",5511986430001,https://wa.me/5511986430001,salão de beleza,São Paulo,Penha,2025-10-02 10:37:15
Clínica de Beleza - Studio 31,"
Rua Cumanaxos, 31 - Penha de França, São Paulo - SP, 03613-010",5511985883168,https://wa.me/5511985883168,salão de beleza,São Paulo,Penha,2025-10-02 10:37:24
"CABELEIREIRO, EDU CORTE.ID Ref. Em frente ao Shopping Penha","
Em frente ao Shopping Penha - R. Betari, 53 - Penha de França, São Paulo - SP, 03634-900",5511977209049,https://wa.me/5511977209049,salão de beleza,São Paulo,Penha,2025-10-02 10:37:32
Styllo arte,"
R. Mirandinha, 491 - Penha de França, São Paulo - SP, 03641-000",551126477341,https://wa.me/551126477341,salão de beleza,São Paulo,Penha,2025-10-02 10:37:39
Studio Marchionni,"
Av. Amador Bueno da Veiga, 4430 - Penha de França, São Paulo - SP, 03890-000",551127915889,https://wa.me/551127915889,salão de beleza,São Paulo,Penha,2025-10-02 10:38:00
Carrie Espaço da Beleza,"
R. Francisco Coimbra, 386 - Penha de França, São Paulo - SP, 03639-000",551126466187,https://wa.me/551126466187,salão de beleza,São Paulo,Penha,2025-10-02 10:38:07
Espaço BG Beauty,"
R. Cap. Rangel, 200 - Penha de França, São Paulo - SP, 03607-100",5511994004655,https://wa.me/5511994004655,salão de beleza,São Paulo,Penha,2025-10-02 10:38:15
TURQUESA ESMALTERIA & BELEZA-SHOPPING PENHA,"
R. Dr. João Ribeiro, 304 - loja 1115 - Penha de França, São Paulo - SP, 03634-900",5511943171115,https://wa.me/5511943171115,salão de beleza,São Paulo,Penha,2025-10-02 10:38:25
Delise's Hair,"
R. Betari, 149 - Penha de França, São Paulo - SP, 03634-040",551129410611,https://wa.me/551129410611,salão de beleza,São Paulo,Penha,2025-10-02 10:38:33
STUDIO C cabelo e estética,"
R. Mercedes Lopes, 706 - Penha de França, São Paulo - SP, 03632-040",5511973738372,https://wa.me/5511973738372,salão de beleza,São Paulo,Penha,2025-10-02 10:38:58
Franco's Cabeleireiros,"
R. Dr. João Ribeiro, 291 - Penha de França, São Paulo - SP, 03634-010",551129417183,https://wa.me/551129417183,salão de beleza,São Paulo,Penha,2025-10-02 10:39:04
Studio Camila Holetz - Extenção de Cílios na Penha,"
Rua Candapuí, 238 - Vila Marieta, São Paulo - SP, 03621-000",5511961107553,https://wa.me/5511961107553,salão de beleza,São Paulo,Penha,2025-10-02 10:39:14
Conceito e Beleza,"
R. Maj. Ângelo Zanchi, 125 - Penha de França, São Paulo - SP, 03633-000",551120972888,https://wa.me/551120972888,salão de beleza,São Paulo,Penha,2025-10-02 10:39:23
Mendesian beauty Studio,"
Rua Guaiaúna, 180 - Penha, São Paulo - SP, 03631-000",5511949020672,https://wa.me/5511949020672,salão de beleza,São Paulo,Penha,2025-10-02 10:39:29
M.Brasil Studio de Beleza,"
R. Monsenhor Emílio Teixeira, 163 - Penha de França, São Paulo - SP, 12517-210",551126421266,https://wa.me/551126421266,salão de beleza,São Paulo,Penha,2025-10-02 10:39:50
bg Centro di Bellezza,"
R. Erasmo Braga, 6 - Penha de França, São Paulo - SP, 03634-110",5511961496775,https://wa.me/5511961496775,salão de beleza,São Paulo,Penha,2025-10-02 10:40:00
Salão W Graciano,"
Rua: Betari, 586A - Penha de França, São Paulo - SP, 03634-040",5511977498341,https://wa.me/5511977498341,salão de beleza,São Paulo,Penha,2025-10-02 10:40:10
D'Marthani Hair Visage,"
R. Santo Afonso, 248 - Penha de França, São Paulo - SP, 03632-020",5511967027972,https://wa.me/5511967027972,salão de beleza,São Paulo,Penha,2025-10-02 10:40:18
Estúdio de Estilos,"
Av: Amador Bueno da Veiga, 660 - Penha de França, São Paulo - SP, 03636-000",551120820548,https://wa.me/551120820548,salão de beleza,São Paulo,Penha,2025-10-02 10:40:26
Studio Natani's,"
R. Betari, 103 - Penha de França, São Paulo - SP, 03634-040",5511975733023,https://wa.me/5511975733023,salão de beleza,São Paulo,Penha,2025-10-02 10:40:52
Beauty Cabeleireiros Unissex,"
Av. Amador Bueno da Veiga, 51 - Penha de França, São Paulo - SP, 03637-010",551126418461,https://wa.me/551126418461,salão de beleza,São Paulo,Penha,2025-10-02 10:40:58
Espaço Maria Bonita,"
R. Demini, 325 - Penha de França, São Paulo - SP, 03641-040",5511999748683,https://wa.me/5511999748683,salão de beleza,São Paulo,Penha,2025-10-02 10:41:05
Novo Stylos Salão de Beleza Visagista Terapeuta Capilar Tricologista e Estéticas na Penha,"
Rua : Manoel Luzio, 53 - Vila Salete, São Paulo - SP, 03615-080",551126816141,https://wa.me/551126816141,salão de beleza,São Paulo,Penha,2025-10-02 10:41:14
Val Cabeleireiros,"
R. Caquito, 196 - Penha de França, São Paulo - SP, 03607-000",5511975135882,https://wa.me/5511975135882,salão de beleza,São Paulo,Penha,2025-10-02 10:41:21
Pato Hair Concept | Salão de Beleza no Jardim Popular - Penha,"
Av. Amador Bueno da Veiga, 4379 - Jardim Popular, São Paulo - SP, 03653-000",5511983571059,https://wa.me/5511983571059,salão de beleza,São Paulo,Penha,2025-10-02 10:41:29
Neide Cabeleireiro,"
R. Evans, 808 - Penha de França, São Paulo - SP, 03648-020",551129585863,https://wa.me/551129585863,salão de beleza,São Paulo,Penha,2025-10-02 10:41:37
Salão de Cabeleireiro Cléo Subacius,"
R. Comendador Cantinho, 254 - Penha de França, São Paulo - SP, 03603-020",5511968344468,https://wa.me/5511968344468,salão de beleza,São Paulo,Penha,2025-10-02 10:42:04
Ana Oitaven Studio Coiffure,"
Cond. Spot Office Penha - Av. Amador Bueno da Veiga, 1230 - Sala 316 - Penha de França, São Paulo - SP, 03636-100",5511940202328,https://wa.me/5511940202328,salão de beleza,São Paulo,Penha,2025-10-02 10:42:12
Charme e Beleza,"
R. Matusalém Matoso, 45 - Penha de França, São Paulo - SP, 03634-090",551120821781,https://wa.me/551120821781,salão de beleza,São Paulo,Penha,2025-10-02 10:42:23
Cabeleireiros Guaiaúna,"
Rua Guaiaúna, 452 - Penha de França, São Paulo - SP, 03631-000",551122966275,https://wa.me/551122966275,salão de beleza,São Paulo,Penha,2025-10-02 10:42:33
Snoopy Cabeleireiros,"
R. Maj. Ângelo Zanchi, 77 - Penha de França, São Paulo - SP, 03336-000",551122960123,https://wa.me/551122960123,salão de beleza,São Paulo,Penha,2025-10-02 10:42:47
Espaço Vânia - Estética & Beleza,"
R. Jaborandi, 312 - Penha de França, São Paulo - SP, 03610-000",5511982106073,https://wa.me/5511982106073,salão de beleza,São Paulo,Penha,2025-10-02 10:42:53
Mg Marinho Cabeleireiros,"
R. Betari, 383 - Penha de França, São Paulo - SP, 03738-130",551129410142,https://wa.me/551129410142,salão de beleza,São Paulo,Penha,2025-10-02 10:43:14
Salão de Beleza da Rosangela,"
R. Rosa Mendes, 257 - Jardim Penha, São Paulo - SP, 03757-090",5511995060214,https://wa.me/5511995060214,salão de beleza,São Paulo,Penha,2025-10-02 10:43:22
"Estética e Beleza Gabriela - Penha, Zona Leste","
Tv. Luísa de Oliveira, 11 - Penha de França, São Paulo - SP, 03637-060",5511961781472,https://wa.me/5511961781472,salão de beleza,São Paulo,Penha,2025-10-02 10:43:29
"Fabí Estetic Estetica na Penha-ZL Drenagem, Limpeza de Pele, Modeladora, Bronze Artificial, Massagem Terapeutica,","
R. Guilherme Rudge, 155 - A - Vila Sao Geraldo, São Paulo - SP, 03608-010",5511952016543,https://wa.me/5511952016543,salão de beleza,São Paulo,Penha,2025-10-02 10:43:37
Ilma Nascimento Cantinho da Beleza Hair,"
R. Francisco Coimbra, 326 - Penha de França, São Paulo - SP, 03639-000",5511970247796,https://wa.me/5511970247796,salão de beleza,São Paulo,Penha,2025-10-02 10:43:44
Espaço Essencial Saúde,"
R. Siqueira Silva, 201 - Penha de França, São Paulo - SP, 03639-020",551123728925,https://wa.me/551123728925,salão de beleza,São Paulo,Penha,2025-10-02 10:43:51
JW Studio,"
Rua Frei Mont'Alverne, 334 - Penha de França, São Paulo - SP, 03505-030",551120926114,https://wa.me/551120926114,salão de beleza,São Paulo,Penha,2025-10-02 10:44:20
Stela Loiane Studio - Extensão de Cílios fio a fio-Sobrancelhas - Penha de França-SP,"
R. Carlos Meira, 21 - Penha de França, São Paulo - SP, 03605-010",5511948715365,https://wa.me/5511948715365,salão de beleza,São Paulo,Penha,2025-10-02 10:44:27
Studio Iara Amaral- Extensão de Cílios fio a fio- Sobrancelhas- Penha de França- SP,"
R. Sen. Godói, 711 - Penha, São Paulo - SP, 03608-000",5511981196591,https://wa.me/5511981196591,salão de beleza,São Paulo,Penha,2025-10-02 10:44:36
Clarice Marques E Equipe Salão,"
R. Santo Antero, 220 - Penha de França, São Paulo - SP, 03637-050",551128433696,https://wa.me/551128433696,salão de beleza,São Paulo,Penha,2025-10-02 10:44:45
Studio Royal Princess,"
R. Ouro Fino, 39 - Parque Penha, São Paulo - SP, 03738-150",5511978888145,https://wa.me/5511978888145,salão de beleza,São Paulo,Penha,2025-10-02 10:44:54
Studio Kawany Rodrigues,"
R. Alméria, 42 - Penha, São Paulo - SP, 03654-000",5511970433182,https://wa.me/5511970433182,salão de beleza,São Paulo,Penha,2025-10-02 10:45:01
Espaço Rosa's Conceito em Beleza,"
R. Santo Afonso, 248 - Penha de França, São Paulo - SP, 03632-020",5511958082883,https://wa.me/5511958082883,salão de beleza,São Paulo,Penha,2025-10-02 10:45:25
Nathalia Passarelli Estética,"
R. Cap. Avelino Carneiro, 216 - Penha de França, São Paulo - SP, 03603-010",5511984835798,https://wa.me/5511984835798,salão de beleza,São Paulo,Penha,2025-10-02 10:45:32
Studio MR Salão de Beleza no Danfer,"
R. Bolívar Ribeiro Boaventura, 367 - Jardim Penha, São Paulo - SP, 03758-010",5511946102300,https://wa.me/5511946102300,salão de beleza,São Paulo,Penha,2025-10-02 10:45:42
Espaço Venus beleza,"
R. Carlos Meira, 150 - Penha de França, São Paulo - SP, 03605-010",5511999593981,https://wa.me/5511999593981,salão de beleza,São Paulo,Penha,2025-10-02 10:45:50
Studio M&V,"
Av. Penha de França, 411 - Penha de França, São Paulo - SP, 03606-010",5511953379972,https://wa.me/5511953379972,salão de beleza,São Paulo,Penha,2025-10-02 10:45:57
Renata Santos (@resantosmakeup),"
R. Antônio Lobo, 125 - Sobreloja - Penha de França, São Paulo - SP, 03634-030",5511972087196,https://wa.me/5511972087196,salão de beleza,São Paulo,Penha,2025-10-02 10:46:05
SALÃO DE BELEZA TOP NILS,"
R. Moisés - Penha de França, São Paulo - SP, 03704-015",5511991485413,https://wa.me/5511991485413,salão de beleza,São Paulo,Penha,2025-10-02 10:46:13
Cantinho das Dondokas,"
R. Rodovalho Junior - Penha de França, São Paulo - SP, 03605-000",551126795179,https://wa.me/551126795179,salão de beleza,São Paulo,Penha,2025-10-02 10:46:41
Studio Ines Farias,"
R. Antônio Lobo, 129 - Penha de França, São Paulo - SP, 03634-030",5511986206884,https://wa.me/5511986206884,salão de beleza,São Paulo,Penha,2025-10-02 10:46:49
Misma Lopes Cabeleireiros,"
Av. Amador Bueno da Veiga, 286 - Penha de França, São Paulo - SP, 03636-000",5511959523227,https://wa.me/5511959523227,salão de beleza,São Paulo,Penha,2025-10-02 10:46:55
Sl Beleza Estética,"
R. Carlos Meira, 36 - Penha de França, São Paulo - SP, 03605-010",551122890106,https://wa.me/551122890106,salão de beleza,São Paulo,Penha,2025-10-02 10:47:10
Spa Urbano Massoterapia-Micropuntura- Estética e Saúde,"
Av. Amador Bueno da Veiga, 2172 - sala 03 - Penha de França, São Paulo - SP, 03636-100",5511966485563,https://wa.me/5511966485563,salão de beleza,São Paulo,Penha,2025-10-02 10:47:20
Mãos da Vane,"
R. Carlos Meira, 21 - Penha de França, São Paulo - SP, 03605-010",5511948149922,https://wa.me/5511948149922,salão de beleza,São Paulo,Penha,2025-10-02 10:47:57
Keila Fernandes Salão de Beleza,"
Rua: Aquilino Vidal, 24 - Penha de França, São Paulo - SP, 03633-020",5511980637843,https://wa.me/5511980637843,salão de beleza,São Paulo,Penha,2025-10-02 10:48:08
Studio Da Mata,"
Av. Amador Bueno da Veiga, 2550 - Penha de França, São Paulo - SP, 06356-020",5511959107405,https://wa.me/5511959107405,salão de beleza,São Paulo,Penha,2025-10-02 10:48:15
Rose Avanzo Studio,"
R. Conceição Pereira, 282 - Penha de França, São Paulo - SP, 03642-040",5511988989524,https://wa.me/5511988989524,salão de beleza,São Paulo,Penha,2025-10-02 10:48:23
Iracema Maquiagem Definitiva na região da PENHA - São Paulo,"
Av. Penha de França, 387 - BOX 13 - Penha de França, São Paulo - SP, 03606-000",5511991200278,https://wa.me/5511991200278,salão de beleza,São Paulo,Penha,2025-10-02 10:48:30
Sobrancelhando - Embelezamento Facial,"
R. Francisco Melchiori, 90 - Penha de França, São Paulo - SP, 03605-030",5511966474730,https://wa.me/5511966474730,salão de beleza,São Paulo,Penha,2025-10-02 10:48:59
Vera Cabeleireira,"
R. Rodovalho Junior, 562 - Penha de França, São Paulo - SP, 03605-000",551126470210,https://wa.me/551126470210,salão de beleza,São Paulo,Penha,2025-10-02 10:49:07
Noemi Estética,"
R. Cel. Rodovalho, 321 - 1° and. sl.3 - Penha de França, São Paulo - SP, 03632-000",5511991163833,https://wa.me/5511991163833,salão de beleza,São Paulo,Penha,2025-10-02 10:49:15
"Marcela Siqueira - Maquiagem, Tranças e Penteados Profissionais em Tatuapé","
R. João Bocarro, 131 - Penha de França, São Paulo - SP, 03610-040",5511913144743,https://wa.me/5511913144743,salão de beleza,São Paulo,Penha,2025-10-02 10:49:25
Cataline Silva Studio,"
R. Nilza, 275 - Penha, São Paulo - SP, 03651-120",5511951094528,https://wa.me/5511951094528,salão de beleza,São Paulo,Penha,2025-10-02 10:49:35
Espaço Shamah - Soraia Manzano,"
Rua Maxá, 400 - Penha de França, São Paulo - SP, 03639-060",5511982446427,https://wa.me/5511982446427,salão de beleza,São Paulo,Penha,2025-10-02 10:49:42
Teruya,"
R. Cap. Avelino Carneiro, 240 - Penha de França, São Paulo - SP, 03603-010",551126473209,https://wa.me/551126473209,salão de beleza,São Paulo,Penha,2025-10-02 10:49:50
Layane Ferreira | Cílios e Sobrancelhas - Penha de França,"
Rua Guaiaúna, 318 - Guaiauna, São Paulo - SP, 03631-000",5511954194839,https://wa.me/5511954194839,salão de beleza,São Paulo,Penha,2025-10-02 10:50:10
Assis Cabeleireiros,"
R. Cel. Rodovalho, 230 - Penha de França, São Paulo - SP, 03632-000",551120978832,https://wa.me/551120978832,salão de beleza,São Paulo,Penha,2025-10-02 10:50:16
Reviver - Clínica de Estética,"
R. Cap. Avelino Carneiro, 424 - Penha de França, São Paulo - SP, 03603-010",5511995279103,https://wa.me/5511995279103,salão de beleza,São Paulo,Penha,2025-10-02 10:50:25
Magia Cabeleireiros,"
R. Gen. Dias, 98 - Penha de França, São Paulo - SP, 03638-010",5511977437886,https://wa.me/5511977437886,salão de beleza,São Paulo,Penha,2025-10-02 10:50:33
Magia Cabeleireiros,"
R. Gen. Dias, 98 - Penha de França, São Paulo - SP, 03638-010",5511977437886,https://wa.me/5511977437886,salão de beleza,São Paulo,Penha,2025-10-02 10:50:41
